Date,No of Trans,Max,Min,Close,Volume
2015-01-01,20.0,485.0,470.0,479.0,2695.0
2015-01-04,17.0,481.0,474.0,478.0,1201.0
2015-01-05,17.0,487.0,471.0,487.0,1739.0
2015-01-06,32.0,480.0,466.0,475.0,3920.0
2015-01-07,37.0,476.0,467.0,476.0,3541.0
2015-01-08,27.0,480.0,472.0,473.0,2511.0
2015-01-11,22.0,484.0,465.0,484.0,3451.0
2015-01-12,34.0,479.0,468.0,473.0,3521.0
2015-01-13,15.0,475.0,466.0,475.0,1012.0
2015-01-14,64.0,489.0,467.0,484.0,11042.0
2015-01-18,46.0,485.0,473.0,475.0,5160.0
2015-01-19,57.0,499.0,480.0,487.0,7796.0
2015-01-20,36.0,489.0,474.0,478.0,10113.0
2015-01-22,14.0,477.0,470.0,473.0,1265.0
2015-01-25,35.0,483.0,466.0,475.0,2889.0
2015-01-26,37.0,484.0,470.0,481.0,5767.0
2015-01-27,96.0,510.0,478.0,503.0,13660.0
2015-01-28,60.0,513.0,498.0,509.0,15503.0
2015-01-29,67.0,512.0,495.0,500.0,10005.0
2015-02-01,25.0,496.0,491.0,493.0,4653.0
2015-02-02,24.0,494.0,485.0,487.0,3667.0
2015-02-03,37.0,490.0,472.0,483.0,2126.0
2015-02-04,19.0,485.0,475.0,480.0,1946.0
2015-02-05,24.0,489.0,471.0,473.0,2868.0
2015-02-08,30.0,476.0,471.0,475.0,2025.0
2015-02-09,28.0,484.0,470.0,479.0,6337.0
2015-02-10,32.0,475.0,463.0,475.0,3543.0
2015-02-11,22.0,480.0,470.0,476.0,3776.0
2015-02-12,29.0,485.0,475.0,482.0,5980.0
2015-02-15,20.0,482.0,476.0,477.0,1086.0
2015-02-16,39.0,479.0,472.0,479.0,4307.0
2015-02-18,26.0,479.0,472.0,474.0,2807.0
2015-02-22,22.0,472.0,464.0,464.0,3088.0
2015-02-23,18.0,465.0,456.0,464.0,3374.0
2015-02-24,21.0,465.0,460.0,465.0,3018.0
2015-02-25,29.0,471.0,459.0,470.0,2152.0
2015-02-26,14.0,475.0,460.0,475.0,2405.0
2015-03-01,19.0,480.0,470.0,480.0,1184.0
2015-03-02,12.0,495.0,475.0,480.0,1111.0
2015-03-03,23.0,484.0,471.0,483.0,1590.0
2015-03-04,17.0,492.0,476.0,478.0,2209.0
2015-03-09,50.0,504.0,485.0,497.0,8858.0
2015-03-10,13.0,490.0,472.0,481.0,1061.0
2015-03-11,24.0,485.0,477.0,477.0,1618.0
2015-03-12,23.0,490.0,470.0,475.0,1710.0
2015-03-15,17.0,480.0,471.0,475.0,2644.0
2015-03-16,17.0,475.0,467.0,471.0,1607.0
2015-03-17,10.0,473.0,467.0,471.0,731.0
2015-03-18,17.0,472.0,466.0,472.0,1901.0
2015-03-19,20.0,480.0,470.0,480.0,1882.0
2015-03-22,22.0,476.0,464.0,467.0,6630.0
2015-03-23,28.0,470.0,463.0,469.0,4993.0
2015-03-24,13.0,469.0,464.0,467.0,1251.0
2015-03-25,12.0,470.0,459.0,470.0,797.0
2015-03-26,17.0,476.0,463.0,476.0,966.0
2015-03-29,6.0,470.0,469.0,469.0,531.0
2015-03-30,27.0,469.0,451.0,459.0,3598.0
2015-03-31,11.0,465.0,458.0,461.0,1282.0
2015-04-01,22.0,464.0,454.0,464.0,2590.0
2015-04-02,13.0,465.0,455.0,465.0,3444.0
2015-04-05,26.0,471.0,452.0,455.0,1330.0
2015-04-06,28.0,460.0,446.0,450.0,3678.0
2015-04-07,21.0,451.0,446.0,450.0,2372.0
2015-04-08,13.0,464.0,449.0,458.0,2164.0
2015-04-09,22.0,471.0,451.0,471.0,7084.0
2015-04-12,34.0,482.0,468.0,479.0,4345.0
2015-04-13,34.0,472.0,461.0,472.0,4158.0
2015-04-15,42.0,475.0,455.0,474.0,13284.0
2015-04-16,60.0,468.0,455.0,468.0,8979.0
2015-04-19,10.0,437.0,429.0,436.0,820.0
2015-04-20,9.0,439.0,434.0,436.0,1363.0
2015-04-21,9.0,439.0,431.0,439.0,1312.0
2015-04-22,7.0,440.0,435.0,440.0,619.0
2015-04-23,13.0,434.0,430.0,432.0,1563.0
2015-05-24,5.0,424.0,392.0,392.0,90.0
2015-05-25,13.0,385.0,360.0,365.0,844.0
2015-05-26,7.0,397.0,370.0,397.0,1215.0
2015-05-27,3.0,390.0,376.0,376.0,230.0
2015-05-28,10.0,393.0,380.0,390.0,2330.0
2015-05-31,8.0,402.0,392.0,397.0,1141.0
2015-06-01,11.0,404.0,390.0,400.0,2353.0
2015-06-02,4.0,402.0,400.0,400.0,181.0
2015-06-04,15.0,440.0,420.0,420.0,2566.0
2015-06-07,11.0,435.0,425.0,430.0,5611.0
2015-06-08,18.0,438.0,425.0,430.0,1959.0
2015-06-09,24.0,463.0,438.0,448.0,3888.0
2015-06-10,5.0,440.0,432.0,438.0,880.0
2015-06-11,16.0,432.0,422.0,425.0,2209.0
2015-06-14,8.0,420.0,413.0,413.0,2431.0
2015-06-15,8.0,427.0,407.0,421.0,1505.0
2015-06-16,10.0,426.0,418.0,426.0,1298.0
2015-06-17,9.0,426.0,418.0,423.0,1700.0
2015-06-18,19.0,422.0,412.0,416.0,873.0
2015-06-21,9.0,416.0,413.0,415.0,1001.0
2015-06-22,18.0,420.0,410.0,415.0,1380.0
2015-06-23,16.0,423.0,415.0,420.0,7897.0
2015-06-24,8.0,425.0,414.0,414.0,1269.0
2015-06-25,9.0,420.0,417.0,419.0,833.0
2015-06-28,18.0,420.0,415.0,420.0,2180.0
2015-06-29,26.0,420.0,406.0,420.0,8930.0
2015-06-30,13.0,415.0,406.0,415.0,6613.0
2015-07-01,9.0,410.0,408.0,410.0,572.0
2015-07-02,15.0,408.0,403.0,405.0,4059.0
2015-07-05,11.0,419.0,408.0,417.0,1564.0
2015-07-06,5.0,417.0,403.0,404.0,330.0
2015-07-07,36.0,410.0,404.0,405.0,6448.0
2015-07-08,14.0,409.0,406.0,408.0,2073.0
2015-07-09,5.0,416.0,410.0,410.0,401.0
2015-07-12,18.0,412.0,405.0,411.0,5083.0
2015-07-13,3.0,410.0,409.0,409.0,1242.0
2015-07-14,14.0,414.0,406.0,410.0,3414.0
2015-07-15,15.0,418.0,408.0,415.0,2601.0
2015-07-16,5.0,432.0,416.0,432.0,391.0
2015-07-22,41.0,442.0,421.0,440.0,7356.0
2015-07-23,47.0,465.0,435.0,465.0,7731.0
2015-07-26,5.0,511.0,474.0,511.0,140.0
2015-07-27,37.0,521.0,476.0,498.0,8007.0
2015-07-28,7.0,489.0,480.0,480.0,682.0
2015-07-29,3.0,471.0,467.0,467.0,120.0
2015-07-30,23.0,465.0,450.0,450.0,3973.0
2015-08-02,9.0,449.0,445.0,446.0,558.0
2015-08-03,41.0,458.0,440.0,457.0,3667.0
2015-08-04,43.0,460.0,439.0,441.0,7651.0
2015-08-05,50.0,459.0,437.0,452.0,6625.0
2015-08-06,50.0,465.0,455.0,463.0,8242.0
2015-08-09,51.0,469.0,450.0,469.0,9306.0
2015-08-10,64.0,488.0,470.0,479.0,8260.0
2015-08-11,23.0,470.0,452.0,455.0,2244.0
2015-08-12,41.0,450.0,436.0,445.0,4305.0
2015-08-13,57.0,459.0,438.0,444.0,8463.0
2015-08-16,139.0,456.0,441.0,441.0,15570.0
2015-08-17,41.0,485.0,449.0,485.0,14033.0
2015-08-18,71.0,518.0,494.0,518.0,17564.0
2015-08-19,27.0,528.0,510.0,528.0,4816.0
2015-08-20,18.0,548.0,525.0,525.0,5070.0
2015-08-23,11.0,516.0,505.0,506.0,8354.0
2015-08-24,13.0,509.0,505.0,506.0,2386.0
2015-08-25,17.0,515.0,496.0,515.0,3076.0
2015-08-26,3.0,506.0,505.0,505.0,1300.0
2015-08-27,7.0,505.0,500.0,500.0,1382.0
2015-08-31,7.0,503.0,496.0,500.0,3126.0
2015-09-01,8.0,500.0,493.0,495.0,6425.0
2015-09-02,2.0,486.0,486.0,486.0,1000.0
2015-09-03,4.0,478.0,465.0,465.0,760.0
2015-09-06,8.0,485.0,474.0,480.0,1710.0
2015-09-07,11.0,497.0,475.0,497.0,2252.0
2015-09-08,5.0,496.0,488.0,488.0,651.0
2015-09-09,1.0,480.0,480.0,480.0,41.0
2015-09-10,10.0,489.0,472.0,479.0,7097.0
2015-09-13,9.0,500.0,480.0,500.0,9190.0
2015-09-14,19.0,511.0,492.0,500.0,4489.0
2015-09-15,8.0,505.0,486.0,495.0,1356.0
2015-09-16,5.0,490.0,486.0,487.0,1186.0
2015-09-17,19.0,488.0,475.0,480.0,5292.0
2015-09-22,16.0,471.0,456.0,456.0,9991.0
2015-09-23,20.0,474.0,460.0,465.0,9252.0
2015-09-24,5.0,461.0,456.0,460.0,956.0
2015-09-28,9.0,454.0,446.0,450.0,1581.0
2015-09-29,3.0,459.0,450.0,450.0,2289.0
2015-09-30,20.0,468.0,442.0,450.0,4851.0
2015-10-01,14.0,460.0,444.0,459.0,5128.0
2015-10-04,7.0,455.0,443.0,451.0,2200.0
2015-10-05,15.0,460.0,442.0,445.0,2871.0
2015-10-06,20.0,445.0,435.0,440.0,5822.0
2015-10-07,5.0,450.0,440.0,450.0,511.0
2015-10-08,44.0,495.0,443.0,495.0,15581.0
2015-10-11,272.0,544.0,504.0,530.0,93601.0
2015-10-14,37.0,540.0,493.0,494.0,9865.0
2015-10-15,27.0,499.0,476.0,499.0,6688.0
2015-10-18,15.0,495.0,487.0,495.0,8306.0
2015-10-19,11.0,500.0,489.0,500.0,2033.0
2015-10-25,13.0,490.0,480.0,481.0,2481.0
2015-10-27,10.0,472.0,465.0,472.0,3737.0
2015-10-28,16.0,472.0,455.0,466.0,2955.0
2015-10-29,9.0,475.0,466.0,470.0,1970.0
2015-11-01,15.0,469.0,450.0,456.0,4509.0
2015-11-02,15.0,470.0,450.0,461.0,3088.0
2015-11-03,3.0,457.0,455.0,457.0,81.0
2015-11-04,6.0,470.0,449.0,466.0,1462.0
2015-11-05,6.0,463.0,460.0,460.0,878.0
2015-11-08,7.0,462.0,451.0,462.0,607.0
2015-11-09,16.0,483.0,469.0,483.0,4949.0
2015-11-10,12.0,485.0,474.0,477.0,8443.0
2015-11-15,6.0,475.0,470.0,475.0,1170.0
2015-11-16,2.0,471.0,467.0,471.0,250.0
2015-11-18,5.0,475.0,467.0,470.0,1230.0
2015-11-19,9.0,475.0,460.0,465.0,1940.0
2015-11-22,17.0,460.0,451.0,452.0,2625.0
2015-11-23,13.0,452.0,449.0,452.0,4235.0
2015-11-24,14.0,461.0,451.0,455.0,1170.0
2015-11-25,28.0,461.0,448.0,450.0,6331.0
2015-11-26,21.0,450.0,435.0,447.0,2656.0
2015-11-30,24.0,450.0,424.0,431.0,4935.0
2015-12-01,21.0,454.0,439.0,454.0,5943.0
2015-12-02,13.0,451.0,445.0,451.0,3272.0
2015-12-03,9.0,459.0,450.0,450.0,3472.0
2015-12-06,13.0,468.0,459.0,465.0,2902.0
2015-12-07,12.0,456.0,454.0,455.0,860.0
2015-12-08,13.0,455.0,447.0,451.0,2091.0
2015-12-09,10.0,469.0,460.0,469.0,1612.0
2015-12-10,9.0,469.0,450.0,465.0,934.0
2015-12-13,10.0,465.0,456.0,456.0,1652.0
2015-12-14,12.0,453.0,450.0,450.0,2818.0
2015-12-15,11.0,446.0,440.0,445.0,3918.0
2015-12-16,14.0,453.0,448.0,450.0,7554.0
2015-12-17,10.0,468.0,451.0,465.0,1388.0
2015-12-20,42.0,483.0,462.0,481.0,16618.0
2015-12-21,179.0,529.0,481.0,529.0,47347.0
2015-12-22,96.0,559.0,510.0,512.0,21836.0
2015-12-23,26.0,510.0,496.0,496.0,6162.0
2015-12-24,45.0,510.0,490.0,510.0,11469.0
2015-12-27,31.0,505.0,499.0,502.0,12349.0
2015-12-28,16.0,504.0,497.0,499.0,2290.0
2015-12-29,31.0,508.0,496.0,500.0,7138.0
2015-12-31,29.0,513.0,500.0,508.0,5772.0
2016-01-03,24.0,518.0,499.0,518.0,8407.0
2016-01-04,37.0,528.0,502.0,506.0,6760.0
2016-01-05,20.0,515.0,500.0,505.0,4135.0
2016-01-06,21.0,507.0,495.0,500.0,4686.0
2016-01-07,32.0,520.0,505.0,515.0,7371.0
2016-01-10,23.0,520.0,506.0,518.0,5622.0
2016-01-11,42.0,529.0,511.0,525.0,11440.0
2016-01-12,25.0,526.0,521.0,521.0,4907.0
2016-01-13,19.0,531.0,517.0,529.0,2677.0
2016-01-14,56.0,545.0,524.0,545.0,22823.0
2016-01-17,130.0,591.0,541.0,575.0,69927.0
2016-01-18,103.0,608.0,561.0,580.0,19463.0
2016-01-19,54.0,576.0,547.0,568.0,15212.0
2016-01-20,136.0,615.0,579.0,593.0,53666.0
2016-01-21,101.0,600.0,577.0,583.0,23814.0
2016-01-24,85.0,599.0,589.0,599.0,34629.0
2016-01-25,34.0,615.0,594.0,595.0,7231.0
2016-01-26,49.0,601.0,593.0,595.0,16386.0
2016-01-27,24.0,590.0,580.0,585.0,4958.0
2016-01-28,29.0,585.0,576.0,582.0,6324.0
2016-01-31,21.0,590.0,571.0,574.0,5068.0
2016-02-01,47.0,588.0,572.0,584.0,12969.0
2016-02-02,33.0,595.0,580.0,580.0,7156.0
2016-02-03,26.0,580.0,572.0,574.0,4671.0
2016-02-04,49.0,589.0,573.0,589.0,11203.0
2016-02-07,51.0,604.0,585.0,595.0,12440.0
2016-02-08,43.0,594.0,584.0,590.0,10270.0
2016-02-11,21.0,590.0,580.0,580.0,4680.0
2016-02-14,46.0,579.0,561.0,570.0,7802.0
2016-02-15,37.0,590.0,555.0,590.0,10726.0
2016-02-16,19.0,600.0,571.0,576.0,4767.0
2016-02-17,68.0,590.0,560.0,590.0,14601.0
2016-02-18,57.0,596.0,588.0,588.0,20751.0
2016-02-21,54.0,598.0,585.0,590.0,21553.0
2016-02-22,35.0,595.0,585.0,590.0,6229.0
2016-02-23,71.0,609.0,585.0,605.0,16364.0
2016-02-24,21.0,603.0,590.0,595.0,4249.0
2016-02-25,33.0,605.0,581.0,585.0,5816.0
2016-02-28,35.0,595.0,587.0,590.0,10168.0
2016-02-29,22.0,590.0,586.0,589.0,4735.0
2016-03-01,26.0,590.0,583.0,585.0,4675.0
2016-03-02,34.0,609.0,580.0,599.0,3609.0
2016-03-03,122.0,620.0,590.0,617.0,31519.0
2016-03-06,92.0,635.0,610.0,630.0,22567.0
2016-03-10,189.0,693.0,640.0,693.0,69293.0
2016-03-13,444.0,734.0,700.0,707.0,133833.0
2016-03-14,143.0,715.0,665.0,672.0,31398.0
2016-03-15,76.0,674.0,655.0,665.0,14526.0
2016-03-16,48.0,679.0,655.0,674.0,9375.0
2016-03-17,72.0,672.0,665.0,665.0,14604.0
2016-03-20,68.0,671.0,656.0,660.0,16552.0
2016-03-21,102.0,666.0,648.0,648.0,24495.0
2016-03-23,46.0,664.0,648.0,653.0,8568.0
2016-03-24,64.0,678.0,651.0,655.0,11367.0
2016-03-27,107.0,673.0,650.0,673.0,25338.0
2016-03-28,64.0,685.0,658.0,671.0,16225.0
2016-03-29,44.0,673.0,657.0,669.0,7922.0
2016-03-30,53.0,680.0,661.0,665.0,8799.0
2016-03-31,40.0,663.0,655.0,658.0,7572.0
2016-04-03,72.0,690.0,652.0,670.0,15676.0
2016-04-04,78.0,680.0,670.0,680.0,12643.0
2016-04-05,114.0,685.0,670.0,684.0,22777.0
2016-04-06,104.0,689.0,677.0,680.0,17535.0
2016-04-10,193.0,685.0,670.0,671.0,35135.0
2016-04-11,22.0,584.0,572.0,576.0,2445.0
2016-04-12,9.0,565.0,560.0,560.0,1071.0
2016-04-14,17.0,591.0,560.0,591.0,3092.0
2016-04-17,35.0,602.0,582.0,595.0,7426.0
2016-04-18,43.0,612.0,570.0,612.0,12148.0
2016-04-19,27.0,605.0,590.0,599.0,2370.0
2016-04-20,54.0,607.0,596.0,605.0,12246.0
2016-04-21,66.0,630.0,595.0,630.0,26726.0
2016-04-24,53.0,649.0,622.0,640.0,11906.0
2016-04-25,55.0,663.0,641.0,655.0,11479.0
2016-04-26,38.0,651.0,638.0,638.0,6470.0
2016-04-27,55.0,655.0,632.0,647.0,10197.0
2016-04-28,40.0,651.0,638.0,638.0,7618.0
2016-05-02,39.0,645.0,627.0,640.0,18127.0
2016-05-03,39.0,644.0,635.0,640.0,7259.0
2016-05-04,27.0,639.0,629.0,632.0,5406.0
2016-05-05,26.0,632.0,610.0,632.0,6608.0
2016-05-08,36.0,644.0,617.0,634.0,5668.0
2016-05-09,71.0,663.0,640.0,649.0,20133.0
2016-05-10,34.0,659.0,637.0,642.0,3444.0
2016-05-11,41.0,655.0,640.0,655.0,11538.0
2016-05-12,92.0,673.0,655.0,673.0,26491.0
2016-05-15,31.0,667.0,654.0,666.0,4754.0
2016-05-16,24.0,663.0,653.0,663.0,4406.0
2016-05-17,69.0,680.0,662.0,680.0,16189.0
2016-05-18,43.0,693.0,680.0,683.0,7927.0
2016-05-19,52.0,694.0,675.0,684.0,14300.0
2016-05-22,24.0,686.0,670.0,680.0,2404.0
2016-05-23,40.0,690.0,677.0,685.0,14290.0
2016-05-24,49.0,695.0,685.0,690.0,7665.0
2016-05-25,43.0,692.0,671.0,682.0,13438.0
2016-05-26,25.0,689.0,657.0,679.0,5751.0
2016-05-29,42.0,679.0,660.0,679.0,10097.0
2016-05-30,31.0,679.0,665.0,666.0,6432.0
2016-05-31,33.0,667.0,653.0,659.0,7732.0
2016-06-01,51.0,665.0,648.0,656.0,10461.0
2016-06-02,60.0,682.0,656.0,668.0,14888.0
2016-06-05,63.0,674.0,650.0,668.0,8658.0
2016-06-06,25.0,670.0,647.0,670.0,4113.0
2016-06-07,31.0,680.0,661.0,677.0,9201.0
2016-06-08,59.0,689.0,676.0,677.0,11892.0
2016-06-09,45.0,694.0,677.0,677.0,7948.0
2016-06-12,19.0,689.0,668.0,675.0,4476.0
2016-06-13,151.0,710.0,680.0,700.0,40671.0
2016-06-14,106.0,725.0,710.0,721.0,35182.0
2016-06-15,42.0,723.0,712.0,720.0,11057.0
2016-06-16,49.0,722.0,697.0,713.0,14568.0
2016-06-19,36.0,714.0,693.0,705.0,18341.0
2016-06-20,50.0,710.0,697.0,700.0,10740.0
2016-06-21,40.0,720.0,700.0,703.0,9949.0
2016-06-22,37.0,728.0,706.0,720.0,11454.0
2016-06-23,33.0,720.0,696.0,702.0,6052.0
2016-06-26,36.0,712.0,703.0,710.0,7223.0
2016-06-27,77.0,739.0,713.0,739.0,22093.0
2016-06-28,49.0,735.0,721.0,735.0,12542.0
2016-06-29,32.0,732.0,724.0,727.0,10899.0
2016-06-30,62.0,729.0,716.0,722.0,19936.0
2016-07-03,47.0,720.0,713.0,719.0,11526.0
2016-07-04,50.0,730.0,710.0,730.0,5677.0
2016-07-05,68.0,750.0,713.0,745.0,20430.0
2016-07-06,91.0,775.0,743.0,761.0,24816.0
2016-07-10,36.0,765.0,740.0,761.0,4691.0
2016-07-11,114.0,789.0,761.0,777.0,27375.0
2016-07-12,58.0,784.0,720.0,766.0,8705.0
2016-07-13,46.0,768.0,740.0,760.0,10620.0
2016-07-14,48.0,775.0,755.0,768.0,11763.0
2016-07-17,184.0,844.0,765.0,844.0,46553.0
2016-07-18,104.0,865.0,814.0,833.0,28713.0
2016-07-19,203.0,899.0,830.0,888.0,53355.0
2016-07-20,272.0,976.0,900.0,976.0,73449.0
2016-07-21,200.0,1010.0,954.0,984.0,43680.0
2016-07-25,252.0,1065.0,985.0,1065.0,63729.0
2016-07-26,200.0,1113.0,1045.0,1082.0,37909.0
2016-07-27,169.0,1099.0,1035.0,1081.0,40667.0
2016-07-28,143.0,1069.0,1029.0,1060.0,33191.0
2016-07-31,128.0,1068.0,1020.0,1038.0,28865.0
2016-08-01,154.0,1050.0,995.0,1030.0,33867.0
2016-08-02,141.0,1015.0,1000.0,1000.0,58079.0
2016-08-03,100.0,1019.0,982.0,1002.0,23444.0
2016-08-04,143.0,995.0,955.0,970.0,30904.0
2016-08-07,136.0,1006.0,970.0,972.0,25130.0
2016-08-08,76.0,965.0,901.0,905.0,16460.0
2016-08-09,16.0,995.0,923.0,995.0,3567.0
2016-08-10,191.0,1020.0,936.0,1010.0,53909.0
2016-08-11,145.0,1020.0,992.0,1020.0,33089.0
2016-08-14,94.0,1001.0,955.0,968.0,20556.0
2016-08-15,144.0,1006.0,946.0,970.0,27993.0
2016-08-16,141.0,1001.0,970.0,985.0,30158.0
2016-08-17,123.0,1010.0,972.0,1000.0,16569.0
2016-08-21,74.0,1013.0,985.0,995.0,8813.0
2016-08-22,64.0,1000.0,962.0,964.0,6697.0
2016-08-23,80.0,983.0,948.0,970.0,12823.0
2016-08-24,68.0,984.0,951.0,970.0,7338.0
2016-08-28,57.0,980.0,958.0,965.0,5090.0
2016-08-29,82.0,995.0,965.0,983.0,14088.0
2016-08-30,82.0,1002.0,983.0,999.0,16862.0
2016-08-31,81.0,1005.0,985.0,999.0,19708.0
2016-09-01,115.0,1010.0,990.0,998.0,15887.0
2016-09-04,85.0,1029.0,989.0,1020.0,13611.0
2016-09-05,159.0,1056.0,1020.0,1043.0,34803.0
2016-09-06,106.0,1055.0,1011.0,1028.0,25608.0
2016-09-07,278.0,1065.0,1011.0,1065.0,62511.0
2016-09-08,90.0,1058.0,1040.0,1054.0,15717.0
2016-09-11,151.0,1075.0,1042.0,1050.0,29449.0
2016-09-12,161.0,1060.0,1048.0,1050.0,29095.0
2016-09-14,95.0,1059.0,1046.0,1050.0,11695.0
2016-09-18,105.0,1052.0,1035.0,1050.0,11307.0
2016-09-20,254.0,1071.0,1040.0,1044.0,42584.0
2016-09-21,169.0,1045.0,1020.0,1025.0,24012.0
2016-09-22,248.0,1032.0,997.0,1019.0,31362.0
2016-09-25,762.0,1020.0,990.0,995.0,114461.0
2016-09-26,61.0,690.0,659.0,675.0,10691.0
2016-09-27,48.0,684.0,672.0,672.0,4456.0
2016-09-28,18.0,677.0,670.0,672.0,1414.0
2016-09-29,29.0,670.0,660.0,670.0,3261.0
2016-10-02,35.0,684.0,670.0,680.0,4644.0
2016-10-03,24.0,690.0,670.0,672.0,2351.0
2016-10-04,26.0,680.0,667.0,668.0,7550.0
2016-10-05,13.0,680.0,667.0,680.0,1002.0
2016-10-06,18.0,690.0,670.0,683.0,2238.0
2016-10-16,15.0,703.0,679.0,683.0,1795.0
2016-10-17,26.0,683.0,660.0,669.0,3931.0
2016-10-18,19.0,675.0,661.0,670.0,1206.0
2016-10-19,29.0,670.0,660.0,665.0,3950.0
2016-10-20,23.0,677.0,661.0,669.0,2944.0
2016-10-23,38.0,665.0,655.0,655.0,6226.0
2016-10-24,34.0,661.0,649.0,653.0,7673.0
2016-10-25,32.0,650.0,640.0,645.0,3856.0
2016-10-26,26.0,650.0,640.0,642.0,4364.0
2016-10-27,21.0,645.0,630.0,638.0,2964.0
2016-11-03,9.0,650.0,626.0,645.0,906.0
2016-11-07,23.0,646.0,615.0,625.0,1784.0
2016-11-08,45.0,630.0,605.0,610.0,5340.0
2016-11-09,53.0,613.0,594.0,600.0,5406.0
2016-11-10,50.0,607.0,596.0,600.0,4874.0
2016-11-13,37.0,610.0,598.0,600.0,7038.0
2016-11-14,51.0,609.0,595.0,600.0,6752.0
2016-11-15,41.0,612.0,590.0,596.0,7995.0
2016-11-16,39.0,600.0,588.0,595.0,4803.0
2016-11-17,41.0,595.0,580.0,580.0,5087.0
2016-11-20,34.0,571.0,530.0,556.0,6046.0
2016-11-21,54.0,565.0,541.0,555.0,6653.0
2016-11-22,44.0,560.0,538.0,550.0,6174.0
2016-11-23,64.0,540.0,520.0,525.0,9827.0
2016-11-24,62.0,540.0,523.0,527.0,10536.0
2016-11-27,95.0,528.0,500.0,502.0,14556.0
2016-11-28,96.0,535.0,480.0,525.0,20030.0
2016-11-29,71.0,560.0,505.0,555.0,6827.0
2016-11-30,108.0,589.0,550.0,576.0,17082.0
2016-12-01,91.0,590.0,556.0,575.0,12639.0
2016-12-04,43.0,571.0,558.0,558.0,3739.0
2016-12-05,31.0,558.0,530.0,545.0,3418.0
2016-12-06,37.0,555.0,540.0,550.0,3030.0
2016-12-07,24.0,553.0,543.0,550.0,1850.0
2016-12-08,32.0,550.0,540.0,540.0,4444.0
2016-12-11,27.0,541.0,529.0,530.0,3290.0
2016-12-12,11.0,530.0,515.0,525.0,1484.0
2016-12-14,30.0,535.0,525.0,530.0,5246.0
2016-12-15,27.0,542.0,530.0,542.0,4365.0
2016-12-18,52.0,540.0,525.0,540.0,6847.0
2016-12-19,53.0,535.0,520.0,520.0,6963.0
2016-12-20,47.0,530.0,505.0,520.0,9974.0
2016-12-21,32.0,525.0,500.0,511.0,6654.0
2016-12-22,46.0,513.0,506.0,513.0,8026.0
2016-12-26,57.0,510.0,497.0,497.0,7763.0
2016-12-27,54.0,506.0,483.0,495.0,10568.0
2016-12-28,30.0,505.0,495.0,498.0,5725.0
2016-12-29,115.0,526.0,502.0,526.0,19494.0
2017-01-01,125.0,555.0,535.0,545.0,18373.0
2017-01-02,138.0,560.0,545.0,545.0,19457.0
2017-01-03,78.0,550.0,530.0,530.0,8202.0
2017-01-04,39.0,535.0,510.0,530.0,6130.0
2017-01-05,37.0,533.0,520.0,528.0,8287.0
2017-01-08,26.0,529.0,520.0,524.0,5593.0
2017-01-09,35.0,540.0,521.0,540.0,5545.0
2017-01-10,41.0,550.0,540.0,540.0,4148.0
2017-01-11,32.0,550.0,540.0,540.0,8359.0
2017-01-12,30.0,546.0,531.0,542.0,5428.0
2017-01-15,21.0,542.0,530.0,534.0,2339.0
2017-01-16,25.0,536.0,527.0,527.0,2058.0
2017-01-17,24.0,529.0,523.0,523.0,3270.0
2017-01-18,21.0,530.0,520.0,520.0,3386.0
2017-01-19,22.0,529.0,521.0,528.0,1913.0
2017-01-22,32.0,531.0,526.0,526.0,2773.0
2017-01-23,28.0,524.0,520.0,520.0,2679.0
2017-01-24,40.0,530.0,500.0,508.0,7839.0
2017-01-25,148.0,505.0,480.0,490.0,25727.0
2017-01-26,159.0,490.0,455.0,460.0,33136.0
2017-01-30,69.0,465.0,442.0,442.0,12799.0
2017-01-31,37.0,464.0,435.0,458.0,11409.0
2017-02-01,60.0,485.0,465.0,483.0,9886.0
2017-02-02,94.0,500.0,480.0,483.0,15620.0
2017-02-05,27.0,492.0,470.0,470.0,3121.0
2017-02-06,47.0,468.0,455.0,455.0,5122.0
2017-02-07,35.0,463.0,451.0,455.0,4245.0
2017-02-08,77.0,460.0,448.0,450.0,9700.0
2017-02-09,78.0,453.0,440.0,445.0,12428.0
2017-02-12,75.0,453.0,416.0,429.0,11551.0
2017-02-13,58.0,443.0,413.0,440.0,11039.0
2017-02-14,82.0,447.0,424.0,437.0,13085.0
2017-02-15,47.0,456.0,442.0,453.0,12899.0
2017-02-16,98.0,460.0,450.0,453.0,16259.0
2017-02-19,118.0,452.0,441.0,445.0,23260.0
2017-02-20,98.0,455.0,440.0,440.0,17150.0
2017-02-21,98.0,465.0,437.0,439.0,18863.0
2017-02-22,102.0,442.0,430.0,434.0,22813.0
2017-02-23,69.0,442.0,427.0,440.0,14367.0
2017-02-26,40.0,445.0,430.0,434.0,6391.0
2017-02-28,91.0,426.0,417.0,421.0,16732.0
2017-03-01,55.0,430.0,421.0,430.0,5008.0
2017-03-02,57.0,435.0,425.0,435.0,5828.0
2017-03-05,79.0,448.0,432.0,443.0,12347.0
2017-03-06,75.0,456.0,446.0,449.0,9615.0
2017-03-07,48.0,443.0,439.0,439.0,5596.0
2017-03-09,37.0,452.0,444.0,445.0,3547.0
2017-03-13,34.0,450.0,440.0,440.0,5870.0
2017-03-14,67.0,450.0,440.0,441.0,9273.0
2017-03-15,36.0,449.0,443.0,448.0,3091.0
2017-03-16,49.0,452.0,441.0,445.0,9046.0
2017-03-19,67.0,454.0,445.0,451.0,10196.0
2017-03-20,88.0,465.0,455.0,461.0,16216.0
2017-03-21,126.0,484.0,460.0,484.0,26819.0
2017-03-22,207.0,515.0,485.0,492.0,46018.0
2017-03-23,238.0,514.0,493.0,511.0,42052.0
2017-03-26,330.0,562.0,512.0,562.0,86224.0
2017-03-28,275.0,606.0,573.0,595.0,63335.0
2017-03-29,535.0,615.0,550.0,565.0,122754.0
2017-03-30,695.0,577.0,555.0,574.0,151987.0
2017-04-03,334.0,525.0,487.0,504.0,86048.0
2017-04-04,165.0,508.0,480.0,495.0,38622.0
2017-04-06,163.0,495.0,474.0,482.0,42085.0
2017-04-09,130.0,485.0,470.0,472.0,26361.0
2017-04-10,109.0,485.0,467.0,471.0,24705.0
2017-04-11,125.0,494.0,470.0,489.0,29427.0
2017-04-12,167.0,500.0,480.0,480.0,43976.0
2017-04-13,130.0,482.0,468.0,472.0,25576.0
2017-04-16,90.0,481.0,457.0,460.0,14433.0
2017-04-18,121.0,460.0,443.0,450.0,26897.0
2017-04-19,96.0,469.0,453.0,463.0,15551.0
2017-04-20,139.0,483.0,463.0,465.0,32994.0
2017-04-23,147.0,511.0,472.0,472.0,45549.0
2017-04-24,116.0,474.0,466.0,469.0,23133.0
2017-04-25,100.0,472.0,464.0,469.0,17195.0
2017-04-26,53.0,472.0,465.0,467.0,9098.0
2017-04-27,71.0,475.0,463.0,466.0,15743.0
2017-04-30,97.0,470.0,454.0,459.0,18728.0
2017-05-02,99.0,468.0,445.0,461.0,22562.0
2017-05-03,69.0,478.0,457.0,461.0,13689.0
2017-05-04,68.0,478.0,454.0,460.0,10579.0
2017-05-07,57.0,464.0,453.0,454.0,5619.0
2017-05-08,74.0,465.0,446.0,460.0,16791.0
2017-05-09,69.0,461.0,452.0,457.0,21081.0
2017-05-11,76.0,466.0,461.0,464.0,12423.0
2017-05-15,48.0,471.0,460.0,465.0,10542.0
2017-05-16,55.0,465.0,455.0,456.0,7225.0
2017-05-17,41.0,460.0,454.0,455.0,4811.0
2017-05-18,49.0,458.0,450.0,451.0,6117.0
2017-05-21,72.0,460.0,444.0,450.0,10460.0
2017-05-22,32.0,450.0,441.0,448.0,3174.0
2017-06-01,99.0,459.0,444.0,446.0,14518.0
2017-06-04,71.0,450.0,440.0,445.0,10779.0
2017-06-05,73.0,450.0,443.0,443.0,12176.0
2017-06-06,88.0,458.0,448.0,454.0,10899.0
2017-06-07,72.0,463.0,450.0,453.0,14334.0
2017-06-08,45.0,452.0,444.0,449.0,6842.0
2017-06-11,52.0,448.0,440.0,444.0,7886.0
2017-06-12,89.0,446.0,434.0,445.0,9184.0
2017-06-13,73.0,444.0,435.0,435.0,13963.0
2017-06-14,63.0,440.0,434.0,435.0,8869.0
2017-06-15,97.0,442.0,432.0,440.0,15064.0
2017-06-18,137.0,440.0,428.0,431.0,19261.0
2017-06-19,125.0,431.0,417.0,427.0,21359.0
2017-06-20,98.0,429.0,415.0,423.0,12740.0
2017-06-21,54.0,425.0,417.0,421.0,6334.0
2017-06-22,105.0,429.0,420.0,421.0,16465.0
2017-06-25,75.0,426.0,419.0,423.0,10516.0
2017-06-27,82.0,425.0,420.0,422.0,11352.0
2017-06-28,61.0,428.0,415.0,428.0,10162.0
2017-07-02,94.0,430.0,419.0,428.0,14946.0
2017-07-03,51.0,430.0,420.0,423.0,7794.0
2017-07-04,80.0,426.0,419.0,420.0,13712.0
2017-07-05,73.0,425.0,419.0,425.0,11348.0
2017-07-06,93.0,437.0,425.0,437.0,18660.0
2017-07-09,95.0,446.0,430.0,441.0,20091.0
2017-07-10,81.0,440.0,430.0,433.0,12785.0
2017-07-11,68.0,440.0,430.0,435.0,9864.0
2017-07-12,63.0,440.0,432.0,432.0,8794.0
2017-07-13,84.0,437.0,430.0,435.0,12875.0
2017-07-16,47.0,435.0,430.0,433.0,4465.0
2017-07-17,74.0,448.0,433.0,448.0,16129.0
2017-07-18,181.0,472.0,449.0,472.0,27796.0
2017-07-19,121.0,470.0,460.0,460.0,21239.0
2017-07-20,88.0,465.0,454.0,461.0,10954.0
2017-07-23,88.0,465.0,455.0,459.0,16709.0
2017-07-24,91.0,460.0,454.0,455.0,13393.0
2017-07-25,78.0,461.0,454.0,458.0,16138.0
2017-07-26,96.0,460.0,448.0,450.0,22953.0
2017-07-27,75.0,460.0,450.0,460.0,11335.0
2017-07-30,60.0,461.0,445.0,451.0,9537.0
2017-07-31,76.0,459.0,450.0,453.0,12315.0
2017-08-01,87.0,469.0,450.0,454.0,9280.0
2017-08-02,56.0,456.0,453.0,454.0,12168.0
2017-08-03,94.0,459.0,450.0,453.0,14097.0
2017-08-06,104.0,456.0,450.0,454.0,18930.0
2017-08-07,87.0,463.0,452.0,453.0,11926.0
2017-08-09,123.0,460.0,444.0,450.0,17516.0
2017-08-10,97.0,454.0,443.0,450.0,21245.0
2017-08-13,86.0,449.0,440.0,445.0,14415.0
2017-08-15,96.0,446.0,441.0,441.0,15104.0
2017-08-16,84.0,448.0,442.0,444.0,11304.0
2017-08-17,75.0,449.0,438.0,443.0,23326.0
2017-08-20,89.0,444.0,435.0,440.0,16054.0
2017-08-21,46.0,442.0,432.0,438.0,5674.0
2017-08-22,79.0,442.0,436.0,441.0,12396.0
2017-08-23,52.0,442.0,438.0,441.0,7718.0
2017-08-24,44.0,453.0,434.0,443.0,11438.0
2017-08-27,62.0,451.0,443.0,446.0,3889.0
2017-08-28,61.0,452.0,444.0,446.0,7897.0
2017-08-30,83.0,443.0,435.0,438.0,14820.0
2017-08-31,83.0,438.0,432.0,437.0,15528.0
2017-09-04,94.0,439.0,426.0,430.0,33009.0
2017-09-06,111.0,440.0,425.0,438.0,11603.0
2017-09-07,89.0,438.0,426.0,428.0,34082.0
2017-09-10,126.0,431.0,423.0,425.0,37704.0
2017-09-11,65.0,430.0,420.0,424.0,17950.0
2017-09-12,98.0,426.0,420.0,421.0,27903.0
2017-09-13,111.0,423.0,418.0,420.0,32249.0
2017-09-14,115.0,447.0,419.0,447.0,42524.0
2017-09-17,159.0,459.0,438.0,447.0,49764.0
2017-09-18,119.0,452.0,443.0,443.0,33400.0
2017-09-20,65.0,443.0,435.0,439.0,10450.0
2017-09-24,42.0,443.0,439.0,441.0,3718.0
2017-09-25,29.0,448.0,440.0,448.0,2882.0
2017-09-26,35.0,449.0,443.0,448.0,5132.0
2017-10-03,20.0,453.0,446.0,453.0,3164.0
2017-10-04,40.0,450.0,437.0,440.0,6475.0
2017-10-08,91.0,432.0,420.0,432.0,15759.0
2017-10-09,76.0,433.0,425.0,431.0,17649.0
2017-10-10,89.0,438.0,423.0,427.0,19003.0
2017-10-11,65.0,431.0,425.0,428.0,11993.0
2017-10-12,45.0,435.0,428.0,429.0,5474.0
2017-10-15,49.0,433.0,427.0,433.0,5553.0
2017-10-16,87.0,451.0,434.0,442.0,18696.0
2017-10-17,64.0,450.0,436.0,449.0,12124.0
2017-10-18,53.0,450.0,438.0,444.0,12688.0
2017-10-22,44.0,458.0,436.0,450.0,11183.0
2017-10-23,79.0,455.0,445.0,449.0,12644.0
2017-10-24,59.0,452.0,445.0,448.0,9549.0
2017-10-25,93.0,451.0,444.0,449.0,17137.0
2017-10-29,51.0,447.0,440.0,442.0,7203.0
2017-10-30,71.0,443.0,437.0,437.0,13723.0
2017-10-31,38.0,440.0,433.0,437.0,8889.0
2017-11-01,51.0,437.0,429.0,434.0,6291.0
2017-11-02,58.0,442.0,430.0,440.0,8331.0
2017-11-05,84.0,440.0,424.0,430.0,16936.0
2017-11-06,139.0,430.0,420.0,429.0,29796.0
2017-11-07,80.0,436.0,420.0,422.0,26141.0
2017-11-08,126.0,422.0,414.0,416.0,17305.0
2017-11-09,64.0,427.0,412.0,415.0,9434.0
2017-11-12,59.0,425.0,415.0,423.0,9098.0
2017-11-13,69.0,428.0,420.0,428.0,14684.0
2017-11-14,65.0,434.0,424.0,432.0,14580.0
2017-11-15,56.0,432.0,426.0,428.0,3596.0
2017-11-16,56.0,435.0,420.0,420.0,13740.0
2017-11-19,72.0,422.0,412.0,420.0,13373.0
2017-11-20,33.0,422.0,418.0,421.0,4579.0
2017-11-21,30.0,425.0,421.0,423.0,4762.0
2017-11-22,39.0,429.0,421.0,425.0,5998.0
2017-11-23,52.0,430.0,425.0,425.0,7260.0
2017-11-26,71.0,441.0,425.0,432.0,10953.0
2017-11-27,42.0,435.0,430.0,430.0,6918.0
2017-11-28,40.0,432.0,425.0,431.0,12551.0
2017-11-29,87.0,439.0,430.0,436.0,19013.0
2017-11-30,63.0,438.0,431.0,437.0,10518.0
2017-12-04,46.0,437.0,430.0,435.0,10306.0
2017-12-05,51.0,442.0,430.0,431.0,6588.0
2017-12-06,47.0,437.0,426.0,435.0,9725.0
2017-12-10,46.0,451.0,428.0,430.0,11646.0
2017-12-11,51.0,433.0,424.0,431.0,12873.0
2017-12-12,46.0,431.0,426.0,427.0,15642.0
2017-12-13,22.0,431.0,421.0,428.0,4262.0
2017-12-14,59.0,433.0,424.0,425.0,5967.0
2017-12-17,35.0,430.0,423.0,423.0,6121.0
2017-12-18,39.0,426.0,422.0,426.0,4333.0
2017-12-19,38.0,426.0,421.0,424.0,8052.0
2017-12-20,29.0,426.0,419.0,422.0,3192.0
2017-12-21,28.0,423.0,417.0,420.0,7557.0
2017-12-24,48.0,428.0,420.0,421.0,7917.0
2017-12-26,30.0,426.0,411.0,420.0,7244.0
2017-12-27,73.0,418.0,408.0,415.0,11368.0
2017-12-28,74.0,417.0,400.0,410.0,9917.0
2017-12-31,93.0,409.0,400.0,402.0,27546.0
2018-01-01,48.0,414.0,405.0,414.0,6665.0
2018-01-02,240.0,430.0,416.0,425.0,55870.0
2018-01-03,115.0,428.0,419.0,422.0,15373.0
2018-01-04,61.0,421.0,416.0,421.0,5788.0
2018-01-07,91.0,429.0,416.0,423.0,18051.0
2018-01-08,57.0,430.0,420.0,425.0,8389.0
2018-01-09,44.0,427.0,422.0,425.0,7302.0
2018-01-10,70.0,427.0,421.0,425.0,7277.0
2018-01-14,66.0,427.0,417.0,420.0,10523.0
2018-01-16,34.0,421.0,415.0,417.0,4270.0
2018-01-17,48.0,417.0,409.0,413.0,6401.0
2018-01-21,153.0,420.0,413.0,419.0,21733.0
2018-01-22,108.0,422.0,418.0,420.0,18056.0
2018-01-23,98.0,421.0,415.0,416.0,15725.0
2018-01-24,86.0,420.0,412.0,419.0,14131.0
2018-01-25,141.0,420.0,417.0,420.0,13110.0
2018-01-28,341.0,423.0,415.0,415.0,49337.0
2018-01-29,62.0,347.0,340.0,340.0,8266.0
2018-01-31,42.0,344.0,340.0,344.0,4790.0
2018-02-01,53.0,345.0,343.0,344.0,6191.0
2018-02-04,57.0,350.0,342.0,350.0,8959.0
2018-02-05,57.0,350.0,342.0,342.0,8109.0
2018-02-06,44.0,347.0,340.0,347.0,5214.0
2018-02-07,25.0,346.0,341.0,342.0,5012.0
2018-02-08,39.0,345.0,336.0,342.0,3523.0
2018-02-11,28.0,343.0,341.0,342.0,1760.0
2018-02-12,35.0,342.0,340.0,340.0,3785.0
2018-02-14,36.0,342.0,335.0,340.0,4167.0
2018-02-15,58.0,350.0,341.0,350.0,7548.0
2018-02-18,91.0,359.0,348.0,350.0,11904.0
2018-02-20,52.0,351.0,340.0,340.0,6728.0
2018-02-21,23.0,341.0,339.0,340.0,2461.0
2018-02-22,47.0,342.0,338.0,340.0,4099.0
2018-02-25,33.0,342.0,335.0,338.0,3932.0
2018-02-26,34.0,337.0,335.0,335.0,4951.0
2018-02-27,42.0,342.0,332.0,338.0,4409.0
2018-02-28,39.0,339.0,334.0,334.0,13018.0
2018-03-04,61.0,330.0,325.0,328.0,16726.0
2018-03-05,64.0,330.0,323.0,324.0,16594.0
2018-03-06,51.0,328.0,320.0,327.0,5748.0
2018-03-07,45.0,333.0,327.0,330.0,6817.0
2018-03-11,43.0,331.0,326.0,326.0,6491.0
2018-03-12,28.0,331.0,326.0,328.0,10231.0
2018-03-13,46.0,333.0,327.0,333.0,8561.0
2018-03-14,36.0,335.0,328.0,335.0,8410.0
2018-03-15,58.0,337.0,330.0,335.0,10440.0
2018-03-18,39.0,339.0,333.0,334.0,5791.0
2018-03-19,30.0,335.0,325.0,325.0,5937.0
2018-03-20,25.0,327.0,321.0,323.0,2133.0
2018-03-21,73.0,321.0,314.0,316.0,11081.0
2018-03-22,55.0,320.0,310.0,316.0,6600.0
2018-03-26,86.0,313.0,299.0,300.0,10390.0
2018-03-27,86.0,326.0,283.0,316.0,16469.0
2018-03-28,99.0,317.0,307.0,311.0,12154.0
2018-03-29,66.0,320.0,311.0,318.0,8252.0
2018-04-01,56.0,320.0,308.0,313.0,6979.0
2018-04-02,33.0,318.0,310.0,314.0,6267.0
2018-04-03,33.0,318.0,310.0,315.0,3431.0
2018-04-04,81.0,326.0,315.0,325.0,12813.0
2018-04-05,103.0,335.0,321.0,331.0,22167.0
2018-04-08,115.0,348.0,331.0,340.0,17000.0
2018-04-09,80.0,346.0,334.0,335.0,13810.0
2018-04-10,37.0,337.0,325.0,334.0,6099.0
2018-04-11,45.0,335.0,328.0,335.0,5135.0
2018-04-12,39.0,340.0,332.0,337.0,9067.0
2018-04-15,27.0,340.0,326.0,340.0,7648.0
2018-04-16,44.0,341.0,335.0,338.0,5765.0
2018-04-17,84.0,343.0,336.0,337.0,17345.0
2018-04-18,76.0,354.0,337.0,345.0,17497.0
2018-04-19,93.0,353.0,347.0,351.0,24467.0
2018-04-22,139.0,370.0,352.0,369.0,36790.0
2018-04-23,142.0,382.0,360.0,360.0,39505.0
2018-04-24,93.0,365.0,345.0,359.0,16417.0
2018-04-25,73.0,360.0,351.0,352.0,10118.0
2018-04-26,73.0,354.0,345.0,348.0,10047.0
2018-04-29,70.0,348.0,337.0,344.0,10608.0
2018-05-02,45.0,342.0,338.0,341.0,5447.0
2018-05-03,79.0,352.0,343.0,346.0,9858.0
2018-05-06,78.0,346.0,343.0,343.0,9671.0
2018-05-07,62.0,345.0,339.0,343.0,6251.0
2018-05-08,33.0,343.0,340.0,343.0,5181.0
2018-05-09,50.0,347.0,344.0,344.0,6849.0
2018-05-10,66.0,346.0,337.0,343.0,11575.0
2018-05-14,42.0,344.0,338.0,341.0,4201.0
2018-05-15,29.0,342.0,337.0,339.0,2916.0
2018-05-16,29.0,344.0,337.0,341.0,3039.0
2018-05-17,42.0,343.0,339.0,339.0,6983.0
2018-05-20,45.0,344.0,338.0,340.0,9261.0
2018-05-21,60.0,340.0,335.0,340.0,10925.0
2018-05-22,59.0,340.0,335.0,337.0,6973.0
2018-05-23,46.0,340.0,334.0,334.0,8116.0
2018-05-24,34.0,338.0,335.0,335.0,5963.0
2018-05-27,46.0,335.0,330.0,332.0,6118.0
2018-05-28,52.0,347.0,328.0,340.0,5764.0
2018-05-29,53.0,342.0,334.0,337.0,9698.0
2018-05-30,56.0,340.0,335.0,340.0,11065.0
2018-05-31,42.0,340.0,337.0,339.0,8381.0
2018-06-03,73.0,336.0,326.0,330.0,14980.0
2018-06-04,44.0,331.0,324.0,329.0,6154.0
2018-06-06,24.0,340.0,332.0,336.0,3379.0
2018-06-07,39.0,336.0,325.0,327.0,3481.0
2018-06-10,63.0,327.0,314.0,317.0,9920.0
2018-06-11,44.0,326.0,316.0,323.0,5594.0
2018-06-12,29.0,323.0,317.0,320.0,3235.0
2018-06-13,35.0,322.0,316.0,318.0,3924.0
2018-06-14,44.0,324.0,319.0,321.0,3956.0
2018-06-17,20.0,320.0,314.0,320.0,1083.0
2018-06-18,37.0,320.0,310.0,320.0,6878.0
2018-06-19,37.0,322.0,316.0,316.0,3309.0
2018-06-20,43.0,314.0,309.0,312.0,5309.0
2018-06-21,64.0,316.0,310.0,310.0,9336.0
2018-06-24,34.0,317.0,306.0,314.0,3045.0
2018-06-25,34.0,316.0,311.0,313.0,3561.0
2018-06-26,39.0,313.0,307.0,311.0,7623.0
2018-06-27,19.0,312.0,308.0,311.0,1402.0
2018-06-28,21.0,312.0,308.0,312.0,10595.0
2018-07-01,34.0,311.0,305.0,305.0,5338.0
2018-07-02,30.0,308.0,299.0,305.0,4610.0
2018-07-03,34.0,308.0,302.0,305.0,3991.0
2018-07-04,33.0,310.0,300.0,309.0,8901.0
2018-07-05,31.0,318.0,311.0,318.0,2638.0
2018-07-08,64.0,321.0,316.0,316.0,9349.0
2018-07-09,32.0,316.0,308.0,310.0,4364.0
2018-07-10,49.0,314.0,310.0,313.0,47740.0
2018-07-11,45.0,317.0,310.0,312.0,40507.0
2018-07-12,64.0,315.0,310.0,310.0,12730.0
2018-07-15,27.0,314.0,309.0,311.0,2890.0
2018-07-16,29.0,315.0,311.0,314.0,32979.0
2018-07-17,18.0,317.0,315.0,315.0,1983.0
2018-07-18,22.0,317.0,313.0,317.0,3133.0
2018-07-19,55.0,317.0,311.0,315.0,6170.0
2018-07-22,47.0,316.0,313.0,314.0,8337.0
2018-07-23,31.0,317.0,313.0,313.0,3905.0
2018-07-24,42.0,318.0,313.0,313.0,7297.0
2018-07-25,46.0,315.0,311.0,314.0,6281.0
2018-07-26,43.0,315.0,313.0,315.0,5608.0
2018-07-29,48.0,319.0,315.0,318.0,9058.0
2018-07-30,39.0,319.0,315.0,319.0,5984.0
2018-07-31,39.0,321.0,318.0,321.0,7541.0
2018-08-01,36.0,323.0,319.0,322.0,9526.0
2018-08-02,39.0,327.0,321.0,327.0,5188.0
2018-08-05,22.0,328.0,325.0,328.0,3712.0
2018-08-06,47.0,328.0,325.0,326.0,9520.0
2018-08-07,38.0,326.0,324.0,326.0,4342.0
2018-08-08,23.0,327.0,322.0,325.0,1567.0
2018-08-09,33.0,325.0,319.0,325.0,5748.0
2018-08-12,32.0,322.0,313.0,320.0,3439.0
2018-08-13,20.0,319.0,315.0,317.0,2778.0
2018-08-14,41.0,324.0,317.0,324.0,6036.0
2018-08-15,179.0,343.0,326.0,339.0,37824.0
2018-08-16,154.0,345.0,335.0,340.0,25581.0
2018-08-19,118.0,344.0,338.0,338.0,21370.0
2018-08-20,70.0,340.0,332.0,335.0,14359.0
2018-08-21,68.0,335.0,331.0,333.0,8787.0
2018-08-22,35.0,344.0,331.0,344.0,3613.0
2018-08-23,55.0,338.0,333.0,335.0,7504.0
2018-08-26,28.0,337.0,330.0,333.0,3588.0
2018-08-28,49.0,335.0,330.0,333.0,7354.0
2018-08-29,43.0,334.0,330.0,331.0,6392.0
2018-08-30,45.0,335.0,331.0,334.0,9985.0
2018-09-02,63.0,340.0,333.0,340.0,9661.0
2018-09-03,88.0,347.0,336.0,342.0,15425.0
2018-09-04,81.0,347.0,340.0,344.0,17187.0
2018-09-05,151.0,362.0,341.0,356.0,29704.0
2018-09-06,141.0,368.0,350.0,352.0,33936.0
2018-09-09,64.0,353.0,346.0,346.0,7740.0
2018-09-10,30.0,346.0,340.0,342.0,4112.0
2018-09-11,42.0,350.0,340.0,345.0,4778.0
2018-09-12,50.0,355.0,345.0,352.0,12667.0
2018-09-13,83.0,359.0,351.0,359.0,20006.0
2018-09-16,178.0,377.0,356.0,367.0,53133.0
2018-09-17,101.0,370.0,359.0,360.0,21307.0
2018-09-18,65.0,362.0,357.0,359.0,9249.0
2018-09-20,41.0,364.0,352.0,359.0,9880.0
2018-09-23,75.0,364.0,357.0,361.0,19281.0
2018-09-25,171.0,373.0,361.0,371.0,48115.0
2018-09-26,84.0,375.0,364.0,365.0,18655.0
2018-09-27,73.0,370.0,365.0,365.0,14911.0
2018-09-30,63.0,366.0,361.0,361.0,11183.0
2018-10-01,81.0,362.0,352.0,352.0,21976.0
2018-10-02,65.0,358.0,352.0,353.0,12983.0
2018-10-03,97.0,354.0,347.0,347.0,28516.0
2018-10-04,62.0,350.0,345.0,348.0,15025.0
2018-10-07,47.0,348.0,344.0,344.0,10164.0
2018-10-08,53.0,357.0,344.0,349.0,9581.0
2018-10-09,43.0,350.0,347.0,347.0,9551.0
2018-10-10,35.0,348.0,345.0,347.0,6502.0
2018-10-11,48.0,352.0,346.0,350.0,10534.0
2018-10-14,39.0,358.0,350.0,357.0,12769.0
2018-10-15,39.0,364.0,354.0,354.0,11617.0
2018-10-21,17.0,361.0,355.0,355.0,3483.0
2018-10-22,26.0,355.0,352.0,355.0,3196.0
2018-10-23,35.0,358.0,354.0,358.0,6474.0
2018-10-24,20.0,358.0,353.0,358.0,3065.0
2018-10-25,42.0,358.0,355.0,357.0,5436.0
2018-10-28,43.0,355.0,350.0,353.0,11851.0
2018-10-29,63.0,351.0,348.0,350.0,8152.0
2018-10-30,53.0,354.0,348.0,352.0,11760.0
2018-10-31,36.0,355.0,350.0,352.0,9391.0
2018-11-01,39.0,352.0,350.0,352.0,6758.0
2018-11-04,52.0,353.0,348.0,348.0,15056.0
2018-11-05,33.0,352.0,348.0,349.0,10438.0
2018-11-06,4.0,354.0,348.0,354.0,1030.0
2018-11-07,371.0,354.0,348.0,354.0,109050.0
2018-11-10,4.0,354.0,348.0,354.0,1030.0
2018-11-11,17.0,356.0,352.0,352.0,3083.0
2018-11-12,22.0,352.0,347.0,352.0,1885.0
2018-11-13,24.0,351.0,348.0,349.0,3940.0
2018-11-14,11.0,352.0,349.0,350.0,1763.0
2018-11-15,33.0,351.0,348.0,349.0,5701.0
2018-11-18,46.0,349.0,343.0,345.0,6006.0
2018-11-19,31.0,347.0,344.0,346.0,5455.0
2018-11-20,16.0,349.0,342.0,347.0,2001.0
2018-11-21,49.0,353.0,342.0,343.0,6780.0
2018-11-22,33.0,345.0,340.0,344.0,6445.0
2018-11-25,36.0,345.0,341.0,341.05,8678.0
2018-11-26,39.0,341.05,335.0,339.0,5374.0
2018-11-27,41.0,346.0,338.0,340.0,5914.0
2018-11-28,27.0,340.0,339.0,340.0,2677.0
2018-11-29,29.0,340.0,336.0,338.0,6964.0
2018-12-02,49.0,338.0,329.0,333.0,9756.0
2018-12-03,57.0,335.0,329.0,330.0,9202.0
2018-12-04,28.0,335.0,326.0,334.0,2973.0
2018-12-05,57.0,340.0,326.0,329.0,21447.0
2018-12-06,46.0,331.0,320.0,327.0,8394.0
2018-12-09,27.0,335.0,327.0,335.0,2982.0
2018-12-10,49.0,340.0,330.0,335.0,5830.0
2018-12-11,29.0,339.0,333.0,336.0,3705.0
2018-12-12,8.0,341.0,336.0,337.0,990.0
2018-12-13,38.0,345.0,335.0,338.0,5226.0
2018-12-16,61.0,344.0,338.0,344.0,18570.0
2018-12-17,37.0,355.0,340.0,355.0,5225.0
2018-12-18,53.0,355.0,343.0,344.0,10127.0
2018-12-19,21.0,345.0,342.0,343.0,3717.0
2018-12-20,57.0,351.0,343.0,349.0,14032.0
2018-12-23,75.0,362.0,349.0,357.0,16974.0
2018-12-24,67.0,362.0,352.0,357.0,14350.0
2018-12-25,36.0,357.0,351.0,353.0,8383.0
2018-12-26,91.0,362.0,352.0,362.0,22157.0
2018-12-27,114.0,365.0,358.0,359.0,36773.0
2018-12-30,47.0,359.0,351.0,351.0,11317.0
2018-12-31,74.0,352.0,347.0,348.0,16215.0
2019-01-01,74.0,350.0,344.0,346.0,22211.0
2019-01-02,55.0,347.0,345.0,345.0,7467.0
2019-01-03,34.0,348.0,340.0,345.0,7294.0
2019-01-06,47.0,352.0,344.0,344.0,9776.0
2019-01-07,19.0,350.0,344.0,346.0,2680.0
2019-01-08,43.0,349.0,346.0,349.0,8069.0
2019-01-09,46.0,351.0,348.0,348.0,8599.0
2019-01-10,28.0,354.0,348.0,350.0,4955.0
2019-01-13,139.0,357.0,346.0,349.0,22250.0
2019-01-14,55.0,351.0,348.0,350.0,20430.0
2019-01-15,30.0,350.0,348.0,350.0,7663.0
2019-01-16,42.0,351.0,348.0,350.0,9525.0
2019-01-17,35.0,350.0,345.0,345.0,3486.0
2019-01-20,31.0,345.0,341.0,345.0,4556.0
2019-01-21,51.0,346.0,340.0,342.0,6616.0
2019-01-22,35.0,343.0,337.0,343.0,5188.0
2019-01-23,20.0,344.0,342.0,343.0,2273.0
2019-01-24,38.0,344.0,342.0,342.0,16140.0
2019-01-27,48.0,342.0,339.0,339.0,4235.0
2019-01-28,44.0,345.0,338.0,342.0,8647.0
2019-01-29,26.0,342.0,340.0,341.0,2612.0
2019-01-30,27.0,341.0,339.0,339.0,3892.0
2019-01-31,45.0,342.0,339.0,339.0,5850.0
2019-02-03,48.0,340.0,337.0,338.0,12977.0
2019-02-04,54.0,340.0,335.0,339.0,13265.0
2019-02-05,37.0,340.0,338.0,338.0,5648.0
2019-02-06,44.0,352.0,335.0,335.0,6099.0
2019-02-07,45.0,337.0,330.0,334.0,5500.0
2019-02-10,50.0,335.0,330.0,332.0,6098.0
2019-02-11,62.0,335.0,328.0,332.0,6268.0
2019-02-12,37.0,333.0,330.0,332.0,5722.0
2019-02-13,45.0,332.0,329.0,329.0,13830.0
2019-02-14,50.0,331.0,327.0,330.0,13107.0
2019-02-17,66.0,336.0,328.0,330.0,18875.0
2019-02-18,43.0,330.0,325.0,329.0,9327.0
2019-02-19,34.0,333.0,324.0,333.0,3150.0
2019-02-20,32.0,333.0,329.0,329.0,2685.0
2019-02-21,64.0,335.0,329.0,333.0,9054.0
2019-02-24,68.0,333.0,329.0,330.0,6833.0
2019-02-25,109.0,333.0,327.0,331.0,15959.0
2019-02-26,84.0,334.0,331.0,332.0,18064.0
2019-02-27,134.0,335.0,330.0,333.0,27442.0
2019-03-03,105.0,314.15,291.0,294.0,14076.0
2019-03-05,47.0,294.0,291.0,292.0,5732.0
2019-03-06,37.0,293.0,290.0,292.0,2085.0
2019-03-07,51.0,294.0,290.0,294.0,8624.0
2019-03-10,16.0,294.0,292.0,293.0,2777.0
2019-03-11,52.0,301.0,293.0,298.0,9999.0
2019-03-12,80.0,306.0,298.0,305.0,16058.0
2019-03-13,72.0,306.0,300.0,301.0,15026.0
2019-03-14,42.0,303.0,296.0,302.0,6832.0
2019-03-17,57.0,305.0,300.0,302.0,8247.0
2019-03-18,38.0,304.0,301.0,301.0,10211.0
2019-03-19,34.0,301.0,298.0,298.0,3883.0
2019-03-21,48.0,300.0,296.0,296.0,3230.0
2019-03-24,53.0,299.0,293.0,293.0,8327.0
2019-03-25,58.0,298.0,292.0,294.0,8653.0
2019-03-26,43.0,298.0,293.0,294.0,10218.0
2019-03-27,43.0,299.0,293.0,294.0,4409.0
2019-03-28,63.0,298.0,292.0,294.0,9227.0
2019-03-31,78.0,296.0,293.0,295.0,11187.0
2019-04-01,57.0,297.0,292.0,297.0,12690.0
2019-04-02,82.0,304.0,299.0,302.0,15332.0
2019-04-03,78.0,307.0,301.0,305.0,15802.0
2019-04-04,62.0,305.0,301.0,304.0,11579.0
2019-04-07,73.0,309.0,298.0,309.0,11864.0
2019-04-08,105.0,320.0,310.0,316.0,21933.0
2019-04-09,52.0,318.0,311.0,311.0,21533.0
2019-04-10,39.0,314.0,310.0,312.0,8299.0
2019-04-11,97.0,319.0,313.0,315.0,22147.0
2019-04-15,50.0,318.0,313.0,318.0,11551.0
2019-04-16,61.0,327.0,313.0,326.0,17829.0
2019-04-17,117.0,338.0,326.0,338.0,24403.0
2019-04-18,156.0,350.0,336.0,350.0,49470.0
2019-04-21,97.0,350.0,343.0,348.0,28028.0
2019-04-22,76.0,353.0,336.0,342.0,19348.0
2019-04-23,81.0,346.0,340.0,346.0,17832.0
2019-04-24,155.0,354.0,341.0,354.0,68938.0
2019-04-25,397.0,389.0,354.0,388.0,145400.0
2019-04-28,292.0,410.0,389.0,395.0,111393.0
2019-04-29,145.0,395.0,383.0,389.0,45136.0
2019-04-30,102.0,391.0,382.0,390.0,27561.0
2019-05-02,85.0,387.0,381.0,385.0,24698.0
2019-05-05,139.0,385.0,376.0,379.0,55477.0
2019-05-06,161.0,388.0,374.0,388.0,40670.0
2019-05-07,137.0,390.0,384.0,389.0,39057.0
2019-05-08,83.0,390.0,384.0,388.0,35169.0
2019-05-09,159.0,396.0,386.0,388.0,94677.0
2019-05-12,67.0,390.0,384.0,390.0,17340.0
2019-05-13,74.0,391.0,384.0,386.0,20540.0
2019-05-14,495.0,421.0,388.0,416.0,194265.0
2019-05-15,533.0,447.0,416.0,438.0,133601.0
2019-05-16,356.0,445.0,421.0,421.0,112016.0
2019-05-19,272.0,430.0,416.0,422.0,67027.0
2019-05-20,239.0,432.0,416.0,418.0,59854.0
2019-05-21,155.0,422.0,413.0,418.0,42776.0
2019-05-22,235.0,426.0,418.0,424.0,92882.0
2019-05-23,393.0,438.0,426.0,431.0,97795.0
2019-05-26,165.0,434.0,423.0,425.0,50429.0
2019-05-27,117.0,426.0,419.0,422.0,44153.0
2019-05-28,94.0,428.0,420.0,421.0,13321.0
2019-05-29,121.0,426.0,420.0,424.0,54281.0
2019-05-30,284.0,451.0,426.0,428.0,94006.0
2019-06-02,124.0,433.0,420.0,422.0,29715.0
2019-06-03,198.0,430.0,414.0,414.0,64123.0
2019-06-04,130.0,420.0,414.0,416.0,48716.0
2019-06-06,104.0,418.0,413.0,413.0,25497.0
2019-06-10,131.0,416.0,411.0,412.0,33018.0
2019-06-11,143.0,417.0,412.0,416.0,62742.0
2019-06-12,81.0,415.0,411.0,415.0,17469.0
2019-06-13,119.0,415.0,411.0,411.0,30086.0
2019-06-16,170.0,411.0,404.0,404.0,44708.0
2019-06-17,181.0,406.0,402.0,403.0,42955.0
2019-06-18,87.0,405.0,401.0,402.0,24044.0
2019-06-19,85.0,404.0,400.0,404.0,23061.0
2019-06-24,108.0,413.0,403.0,411.0,37528.0
2019-06-25,114.0,417.0,411.0,416.0,25298.0
2019-06-26,69.0,418.0,412.0,413.0,17369.0
2019-06-27,76.0,413.0,410.0,413.0,18157.0
2019-06-30,61.0,413.0,406.0,407.0,11120.0
2019-07-01,73.0,408.0,404.0,405.0,12593.0
2019-07-02,110.0,413.0,404.0,410.0,21391.0
2019-07-03,87.0,415.0,407.0,414.0,24200.0
2019-07-04,89.0,415.0,410.0,411.0,16330.0
2019-07-07,105.0,410.0,407.0,408.0,30964.0
2019-07-08,81.0,410.0,405.0,406.0,29244.0
2019-07-09,54.0,407.0,401.0,405.0,9165.0
2019-07-10,104.0,407.0,402.0,407.0,26313.0
2019-07-11,83.0,410.0,405.0,405.0,19978.0
2019-07-14,61.0,411.0,405.0,406.0,10033.0
2019-07-15,54.0,408.0,405.0,406.0,9018.0
2019-07-16,52.0,426.0,406.0,409.0,8675.0
2019-07-17,116.0,418.0,408.0,417.0,29854.0
2019-07-18,89.0,423.0,413.0,418.0,20493.0
2019-07-21,81.0,417.0,411.0,414.0,14478.0
2019-07-22,92.0,419.0,414.0,416.0,19276.0
2019-07-23,396.0,435.0,418.0,435.0,105508.0
2019-07-24,231.0,435.0,428.0,433.0,61735.0
2019-07-25,236.0,434.0,427.0,430.0,97104.0
2019-07-28,171.0,429.0,422.0,425.0,96129.0
2019-07-29,136.0,430.0,425.0,427.0,35679.0
2019-07-30,122.0,431.0,426.0,429.0,31788.0
2019-07-31,124.0,433.0,422.0,431.0,42713.0
2019-08-01,156.0,436.0,429.0,430.0,37084.0
2019-08-04,201.0,438.0,424.0,437.0,68518.0
2019-08-05,156.0,437.0,431.0,433.0,44680.0
2019-08-06,374.0,442.0,430.0,432.0,196356.0
2019-08-07,163.0,439.0,426.0,435.0,56560.0
2019-08-08,130.0,435.0,429.0,431.0,34679.0
2019-08-11,128.0,431.0,428.0,430.0,25832.0
2019-08-12,89.0,433.0,429.0,431.0,20621.0
2019-08-13,79.0,437.0,428.0,428.0,17896.0
2019-08-14,68.0,430.0,425.0,429.0,13082.0
2019-08-15,71.0,433.0,425.0,430.0,36318.0
2019-08-18,107.0,433.0,429.0,430.0,36698.0
2019-08-19,149.0,434.0,429.0,431.0,38717.0
2019-08-20,88.0,432.0,427.0,427.0,17383.0
2019-08-21,91.0,430.0,425.0,429.0,20878.0
2019-08-22,102.0,430.0,425.0,428.0,28290.0
2019-08-25,80.0,427.0,423.0,427.0,20297.0
2019-08-26,79.0,430.0,425.0,425.0,16088.0
2019-08-27,70.0,429.0,424.0,426.0,14181.0
2019-08-28,103.0,427.0,424.0,425.0,21023.0
2019-08-29,93.0,427.0,423.0,426.0,11405.0
2019-09-01,76.0,428.0,421.0,421.0,17893.0
2019-09-02,164.0,424.0,414.0,417.0,43531.0
2019-09-03,113.0,426.0,412.0,424.0,36698.0
2019-09-04,102.0,429.0,420.0,426.0,22525.0
2019-09-05,71.0,427.0,425.0,425.0,15371.0
2019-09-08,72.0,427.0,421.0,422.0,8733.0
2019-09-09,78.0,425.0,416.0,418.0,19723.0
2019-09-10,86.0,419.0,416.0,418.0,21628.0
2019-09-11,59.0,420.0,416.0,418.0,22008.0
2019-09-12,86.0,420.0,416.0,416.0,27640.0
2019-09-15,79.0,418.0,413.0,413.0,18691.0
2019-09-16,102.0,414.0,408.0,408.0,23477.0
2019-09-17,107.0,418.0,410.0,418.0,22549.0
2019-09-18,114.0,423.0,419.0,423.0,28150.0
2019-09-19,169.0,425.0,413.0,413.0,22965.0
2019-09-22,59.0,415.0,412.0,414.0,14749.0
2019-09-23,66.0,415.0,412.0,414.0,17256.0
2019-09-24,57.0,412.0,410.0,412.0,8687.0
2019-09-25,59.0,412.0,407.0,412.0,11862.0
2019-09-26,76.0,412.0,409.0,410.0,13312.0
2019-09-29,80.0,418.0,407.0,418.0,23666.0
2019-09-30,48.0,415.0,411.0,415.0,9318.0
2019-10-01,40.0,418.0,412.0,417.0,11045.0
2019-10-02,28.0,417.0,411.0,411.0,3711.0
2019-10-03,22.0,418.0,415.0,416.0,3319.0
2019-10-10,8.0,415.0,412.0,415.0,1419.0
2019-10-14,52.0,415.0,409.0,410.0,15531.0
2019-10-15,55.0,416.0,410.0,413.0,34190.0
2019-10-16,24.0,415.0,412.0,414.0,10681.0
2019-10-17,53.0,416.0,412.0,414.0,15319.0
2019-10-20,63.0,414.0,411.0,413.0,11108.0
2019-10-21,76.0,415.0,411.0,412.0,13609.0
2019-10-22,61.0,413.0,409.0,411.0,7228.0
2019-10-23,26.0,416.0,411.0,413.0,2992.0
2019-10-24,52.0,416.0,412.0,414.0,9027.0
2019-10-31,41.0,417.0,410.0,413.0,4949.0
2019-11-03,48.0,413.0,410.0,412.0,4909.0
2019-11-04,59.0,414.0,410.0,413.0,13907.0
2019-11-05,55.0,416.0,413.0,416.0,12478.0
2019-11-06,49.0,417.0,415.0,415.0,16754.0
2019-11-07,45.0,417.0,414.0,415.0,18305.0
2019-11-10,60.0,419.0,410.0,419.0,11958.0
2019-11-11,36.0,421.0,414.0,421.0,3581.0
2019-11-12,54.0,425.0,414.0,417.0,12550.0
2019-11-13,59.0,417.0,413.0,416.0,23563.0
2019-11-14,40.0,417.0,415.0,417.0,18775.0
2019-11-17,61.0,423.0,410.0,415.0,11182.0
2019-11-18,69.0,418.0,415.0,418.0,52113.0
2019-11-19,56.0,420.0,415.0,416.0,21222.0
2019-11-20,52.0,418.0,415.0,416.0,12638.0
2019-11-21,61.0,418.0,408.0,412.0,9107.0
2019-11-24,86.0,410.0,404.0,404.0,14677.0
2019-11-25,51.0,412.0,404.0,409.0,5669.0
2019-11-26,51.0,410.0,402.0,405.0,11131.0
2019-11-27,35.0,409.0,403.0,409.0,5247.0
2019-11-28,35.0,409.0,404.0,404.0,5609.0
2019-12-01,34.0,405.0,402.0,404.0,5892.0
2019-12-02,53.0,405.0,400.0,403.0,17229.0
2019-12-03,45.0,403.0,401.0,401.0,6534.0
2019-12-04,56.0,406.0,401.0,405.0,11388.0
2019-12-05,50.0,407.0,403.0,405.0,6589.0
2019-12-08,43.0,409.0,403.0,409.0,6252.0
2019-12-09,69.0,415.0,404.0,411.0,10680.0
2019-12-10,288.0,418.0,406.0,415.0,67690.0
2019-12-11,95.0,418.0,414.0,414.0,13042.0
2019-12-12,104.0,415.0,409.0,412.0,21051.0
2019-12-15,81.0,416.0,409.0,410.0,14825.0
2019-12-16,81.0,415.0,406.0,406.0,9861.0
2019-12-17,62.0,410.0,405.0,407.0,6407.0
2019-12-18,60.0,410.0,405.0,406.0,9668.0
2019-12-19,63.0,407.0,403.0,404.0,5118.0
2019-12-22,98.0,414.0,407.0,412.0,13018.0
2019-12-23,100.0,414.0,407.0,412.0,20783.0
2019-12-24,100.0,416.0,412.0,413.0,19873.0
2019-12-25,140.0,415.0,412.0,414.0,31149.0
2019-12-26,305.0,417.0,413.0,417.0,103337.0
2019-12-29,144.0,386.0,366.0,370.0,20987.0
2019-12-30,75.0,369.0,361.0,365.0,8211.0
2019-12-31,63.0,366.0,361.0,366.0,8569.0
2020-01-01,56.0,367.0,359.0,367.0,7109.0
2020-01-02,67.0,368.0,359.0,359.0,6793.0
2020-01-05,61.0,364.0,360.0,363.0,11390.0
2020-01-06,107.0,372.0,365.0,371.0,26892.0
2020-01-07,70.0,376.0,370.0,373.0,9507.0
2020-01-08,71.0,373.0,369.0,369.0,10093.0
2020-01-09,95.0,369.0,363.0,365.0,11059.0
2020-01-12,95.0,373.0,366.0,372.0,17268.0
2020-01-13,154.0,382.0,374.0,379.0,39441.0
2020-01-14,79.0,380.0,375.0,378.0,11083.0
2020-01-15,102.0,386.0,378.0,386.0,22021.0
2020-01-16,113.0,398.0,386.0,391.0,30689.0
2020-01-19,143.0,398.0,392.0,396.0,37203.0
2020-01-20,223.0,407.0,386.0,389.0,50503.0
2020-01-21,95.0,397.0,385.0,389.0,20945.0
2020-01-22,68.0,395.0,383.0,386.0,13717.0
2020-01-23,79.0,390.0,380.0,382.0,11817.0
2020-01-26,141.0,384.0,372.0,372.0,18472.0
2020-01-27,100.0,387.0,368.0,387.0,23768.0
2020-01-28,73.0,389.0,380.0,386.0,14063.0
2020-01-29,62.0,387.0,379.0,384.0,8241.0
2020-01-30,75.0,388.0,383.0,384.0,10082.0
2020-02-02,153.0,392.0,383.0,390.0,25714.0
2020-02-03,88.0,395.0,388.0,388.0,22861.0
2020-02-04,166.0,396.0,385.0,386.0,32960.0
2020-02-05,68.0,390.0,382.0,385.0,12291.0
2020-02-06,74.0,390.0,382.0,385.0,11711.0
2020-02-09,54.0,384.0,380.0,381.0,11030.0
2020-02-10,80.0,385.0,377.0,380.0,14196.0
2020-02-11,68.0,390.0,382.0,385.0,13972.0
2020-02-12,123.0,392.0,383.0,388.0,34048.0
2020-02-13,103.0,388.0,380.0,384.0,20972.0
2020-02-16,112.0,390.0,383.0,390.0,29836.0
2020-02-17,201.0,401.0,390.0,396.0,42746.0
2020-02-18,176.0,408.0,395.0,398.0,42822.0
2020-02-19,72.0,404.0,394.0,397.0,17687.0
2020-02-20,111.0,400.0,395.0,398.0,25763.0
2020-02-23,447.0,436.0,402.0,431.0,130275.0
2020-02-24,354.0,450.0,425.0,432.0,104982.0
2020-02-25,164.0,436.0,416.0,435.0,48731.0
2020-02-26,358.0,453.0,437.0,453.0,88846.0
2020-02-27,382.0,474.0,440.0,467.0,110009.0
2020-03-01,373.0,475.0,450.0,452.0,86815.0
2020-03-02,216.0,452.0,420.0,420.0,52575.0
2020-03-03,385.0,445.0,390.0,425.0,83824.0
2020-03-04,254.0,425.0,410.0,416.0,59890.0
2020-03-05,233.0,416.0,400.0,405.0,51446.0
2020-03-10,149.0,397.0,380.0,380.0,44333.0
2020-03-11,280.0,407.0,378.0,406.0,73399.0
2020-03-12,308.0,410.0,390.0,397.0,66328.0
2020-03-15,316.0,394.0,378.0,382.0,67992.0
2020-03-16,173.0,391.0,371.0,382.0,34352.0
2020-03-17,219.0,380.0,370.0,378.0,45920.0
2020-03-18,211.0,385.0,361.0,374.0,54659.0
2020-03-19,214.0,385.0,360.0,376.0,34900.0
2020-03-22,35.0,376.0,362.0,368.0,5639.0
2020-05-12,6.0,361.0,357.0,357.0,470.0
2020-05-13,6.0,350.0,347.0,347.0,240.0
2020-06-29,96.0,341.0,313.0,329.0,12955.0
2020-06-30,33.0,352.0,320.0,350.0,4499.0
2020-07-01,53.0,384.0,350.0,380.0,16073.0
2020-07-02,78.0,394.0,343.0,345.0,13518.0
2020-07-05,165.0,365.0,345.0,356.0,29844.0
2020-07-06,101.0,368.0,349.0,365.0,25485.0
2020-07-07,153.0,379.0,367.0,374.0,16559.0
2020-07-08,122.0,375.0,362.0,368.0,15958.0
2020-07-12,114.0,377.0,368.0,375.0,20839.0
2020-07-13,129.0,382.0,373.0,375.0,38001.0
2020-07-14,68.0,378.0,372.0,375.0,9391.0
2020-07-16,262.0,405.0,389.0,400.0,49834.0
2020-07-19,5.0,432.0,408.0,432.0,90.0
2020-07-20,717.0,475.0,424.0,442.0,152858.0
2020-07-21,382.0,446.0,427.0,431.0,70227.0
2020-07-22,263.0,445.0,420.0,426.0,55050.0
2020-07-23,206.0,430.0,418.0,428.0,33121.0
2020-07-26,259.0,436.0,422.0,434.0,60056.0
2020-07-27,222.0,440.0,430.0,433.0,52250.0
2020-07-28,151.0,435.0,428.0,432.0,30474.0
2020-07-29,221.0,432.0,421.0,422.0,61718.0
2020-07-30,161.0,429.0,415.0,427.0,34944.0
2020-08-02,367.0,422.0,406.0,406.0,64556.0
2020-08-03,179.0,418.0,405.0,411.0,26260.0
2020-08-06,185.0,408.0,401.0,406.0,33954.0
2020-08-09,162.0,412.0,399.0,412.0,33276.0
2020-08-10,201.0,432.0,413.0,425.0,30437.0
2020-08-11,143.0,427.0,418.0,419.0,26345.0
2020-08-12,106.0,422.0,414.0,419.0,25454.0
2020-08-13,132.0,425.0,414.0,415.0,27971.0
2020-08-16,199.0,416.0,405.0,410.0,34679.0
2020-08-17,146.0,415.0,406.0,415.0,20840.0
2020-08-18,118.0,418.0,411.0,417.0,16446.0
2020-08-19,168.0,415.0,408.0,409.0,25812.0
2020-08-20,63.0,412.0,406.0,412.0,8351.0
2020-08-23,84.0,419.0,411.0,414.0,8109.0
2020-08-24,231.0,420.0,415.0,420.0,30112.0
2020-08-25,197.0,427.0,419.0,421.0,39774.0
2020-08-26,241.0,429.0,420.0,426.0,39150.0
2020-08-27,145.0,430.0,425.0,425.0,30360.0
2020-08-31,242.0,431.0,423.0,429.0,40437.0
2020-09-02,406.0,440.0,432.0,436.0,108553.0
2020-09-03,249.0,438.0,430.0,432.0,54999.0
2020-09-06,299.0,447.0,429.0,429.0,51535.0
2020-09-07,200.0,429.0,422.0,424.0,30894.0
2020-09-08,146.0,424.0,417.0,422.0,18591.0
2020-09-09,167.0,443.0,418.0,423.0,30486.0
2020-09-10,166.0,444.0,422.0,425.0,30653.0
2020-09-13,206.0,429.0,425.0,429.0,40426.0
2020-09-14,343.0,439.0,429.0,435.0,66323.0
2020-09-15,224.0,440.0,429.0,433.0,36125.0
2020-09-16,142.0,435.0,426.0,430.0,35281.0
2020-09-17,326.0,451.0,428.0,437.0,99827.0
2020-09-20,280.0,450.0,435.0,440.0,53218.0
2020-09-21,298.0,441.0,432.0,436.0,54729.0
2020-09-22,309.0,440.0,431.0,434.0,93124.0
2020-09-23,177.0,438.0,430.0,436.0,38716.0
2020-09-24,154.0,438.0,431.0,435.0,43273.0
2020-09-27,287.0,442.0,433.0,440.0,66164.0
2020-09-28,190.0,443.0,439.0,441.0,31645.0
2020-09-29,150.0,441.0,437.0,438.0,45801.0
2020-09-30,152.0,445.0,434.0,436.0,37898.0
2020-10-01,156.0,440.0,435.0,439.0,17254.0
2020-10-04,333.0,445.0,440.0,440.0,77867.0
2020-10-05,195.0,443.0,438.0,439.0,40920.0
2020-10-06,450.0,450.0,439.0,450.0,118829.0
2020-10-07,252.0,451.0,444.0,448.0,55530.0
2020-10-08,233.0,450.0,442.0,443.0,37815.0
2020-10-11,185.0,442.0,438.0,439.0,27787.0
2020-10-12,153.0,455.0,436.0,440.0,35458.0
2020-10-13,100.0,440.0,438.0,439.0,18523.0
2020-10-14,150.0,440.0,436.0,439.0,19883.0
2020-10-15,181.0,445.0,437.0,442.0,35904.0
2020-10-18,120.0,441.0,437.0,439.0,28101.0
2020-10-19,92.0,441.0,436.0,440.0,23791.0
2020-10-20,110.0,444.0,441.0,442.0,28155.0
2020-10-21,263.0,450.0,443.0,450.0,48986.0
2020-10-22,326.0,455.0,450.0,454.0,68836.0
2020-10-28,464.0,474.0,456.0,473.0,83397.0
2020-10-29,557.0,483.0,471.0,472.0,114747.0
2020-11-01,319.0,479.0,468.0,477.0,116363.0
2020-11-02,230.0,479.0,469.0,469.0,52560.0
2020-11-03,243.0,480.0,465.0,467.0,53871.0
2020-11-04,186.0,468.0,462.0,464.0,33667.0
2020-11-05,303.0,476.0,462.0,470.0,102758.0
2020-11-08,168.0,472.0,468.0,471.0,26833.0
2020-11-09,187.0,474.0,468.0,472.0,33751.0
2020-11-10,172.0,475.0,468.0,470.0,80125.0
2020-11-11,299.0,482.0,472.0,479.0,69277.0
2020-11-12,406.0,484.0,475.0,484.0,86382.0
2020-11-18,501.0,495.0,470.0,487.0,143816.0
2020-11-19,295.0,511.0,489.0,491.0,71429.0
2020-11-22,605.0,512.0,495.0,505.0,152315.0
2020-11-23,592.0,515.0,506.0,512.0,196565.0
2020-11-24,311.0,517.0,510.0,512.0,66020.0
2020-11-25,423.0,525.0,511.0,519.0,107865.0
2020-11-26,430.0,532.0,520.0,525.0,85540.0
2020-11-29,767.0,559.0,524.0,554.0,230701.0
2020-11-30,677.0,576.0,535.0,541.0,169861.0
2020-12-01,582.0,541.0,516.0,530.0,151300.0
2020-12-02,436.0,536.0,520.0,535.0,111361.0
2020-12-03,344.0,540.0,528.0,532.0,90643.0
2020-12-06,485.0,533.0,516.0,517.0,171129.0
2020-12-07,520.0,533.0,510.0,532.0,131127.0
2020-12-08,758.0,552.0,530.0,547.0,227923.0
2020-12-09,345.0,547.0,534.0,536.0,92328.0
2020-12-10,259.0,538.0,526.0,535.0,54470.0
2020-12-13,551.0,555.0,538.0,552.0,136826.0
2020-12-14,1474.0,561.0,527.0,535.0,323130.0
2020-12-15,581.0,545.0,527.0,528.0,117229.0
2020-12-16,379.0,550.0,524.0,527.0,76542.0
2020-12-17,445.0,530.0,515.0,518.0,87068.0
2020-12-20,645.0,520.0,483.0,492.0,104745.0
2020-12-21,579.0,498.0,474.0,485.0,103564.0
2020-12-22,462.0,503.0,490.0,503.0,85171.0
2020-12-23,415.0,516.0,495.0,500.0,73410.0
2020-12-24,371.0,500.0,489.0,493.0,57679.0
2020-12-27,239.0,496.0,488.0,493.0,42183.0
2020-12-28,214.0,495.0,485.0,492.0,32570.0
2020-12-29,557.0,494.0,487.0,488.0,96176.0
2020-12-30,272.0,435.0,415.0,422.0,30138.0
2020-12-31,314.0,432.0,416.0,425.0,48740.0
2021-01-03,293.0,441.0,433.0,440.0,46462.0
2021-01-04,229.0,445.0,435.0,439.0,29054.0
2021-01-05,156.0,443.0,431.0,435.0,22837.0
2021-01-06,183.0,438.0,431.0,438.0,33745.0
2021-01-07,214.0,443.0,432.0,438.0,39177.0
2021-01-10,432.0,450.0,438.0,450.0,90717.0
2021-01-11,293.0,459.0,450.0,451.0,59076.0
2021-01-12,198.0,473.0,451.0,454.0,28076.0
2021-01-13,246.0,460.0,450.0,450.0,52729.0
2021-01-17,249.0,459.0,452.0,453.0,52720.0
2021-01-18,291.0,456.0,448.0,448.0,61879.0
2021-01-19,280.0,450.0,443.0,449.0,64531.0
2021-01-20,260.0,450.0,443.0,444.0,43511.0
2021-01-21,277.0,466.0,441.0,444.0,48043.0
2021-01-24,420.0,456.0,445.0,446.0,58964.0
2021-01-25,592.0,464.0,444.0,460.0,125936.0
2021-01-26,931.0,490.0,460.0,484.0,216204.0
2021-01-27,404.0,485.0,468.0,470.0,87784.0
2021-01-28,500.0,470.0,453.0,459.0,113805.0
2021-01-31,441.0,458.0,441.0,445.0,115291.0
2021-02-01,277.0,459.0,440.0,446.0,39012.0
2021-02-02,316.0,453.0,445.0,450.0,76206.0
2021-02-03,533.0,464.0,447.0,451.0,91296.0
2021-02-04,343.0,459.0,442.0,451.0,77015.0
2021-02-07,324.0,452.0,447.0,450.0,68729.0
2021-02-08,533.0,480.0,446.0,462.0,107995.0
2021-02-09,321.0,480.0,451.0,453.0,61086.0
2021-02-10,231.0,461.0,449.0,457.0,35029.0
2021-02-11,315.0,464.0,451.0,451.0,58376.0
2021-02-14,295.0,455.0,446.0,448.0,52654.0
2021-02-15,313.0,470.0,449.0,456.0,64582.0
2021-02-16,559.0,468.0,452.0,462.0,103729.0
2021-02-17,501.0,469.0,456.0,467.0,119712.0
2021-02-18,601.0,479.0,465.0,472.0,117240.0
2021-02-21,551.0,484.0,467.0,473.0,117339.0
2021-02-22,411.0,474.0,460.0,464.0,99940.0
2021-02-23,399.0,460.0,446.0,455.0,61301.0
2021-02-24,341.0,477.0,453.0,459.0,76992.0
2021-02-25,330.0,466.0,450.0,455.0,60468.0
2021-02-28,696.0,450.0,438.0,441.0,87385.0
2021-03-01,617.0,449.0,435.0,445.0,86938.0
2021-03-02,634.0,449.0,430.0,435.0,70484.0
2021-03-03,461.0,435.0,421.0,428.0,74820.0
2021-03-04,467.0,436.0,430.0,434.0,58945.0
2021-03-07,487.0,441.0,429.0,430.0,72363.0
2021-03-09,354.0,431.0,424.0,426.0,36121.0
2021-03-10,365.0,434.0,421.0,426.0,41639.0
2021-03-14,471.0,428.0,417.0,418.0,47505.0
2021-03-15,281.0,426.0,415.0,417.0,29309.0
2021-03-16,307.0,421.0,414.0,417.0,38698.0
2021-03-17,240.0,424.0,415.0,423.0,18916.0
2021-03-18,319.0,444.0,423.0,430.0,37618.0
2021-03-21,330.0,440.0,430.0,437.0,38957.0
2021-03-22,281.0,438.0,429.0,429.0,32906.0
2021-03-23,290.0,434.0,423.0,427.0,23070.0
2021-03-24,369.0,437.0,426.0,429.0,45332.0
2021-03-25,379.0,434.0,426.0,431.0,56250.0
2021-03-29,280.0,434.0,425.0,429.0,27514.0
2021-03-30,243.0,432.0,426.0,428.0,28165.0
2021-03-31,666.0,452.0,426.0,445.0,108531.0
2021-04-01,472.0,455.0,434.0,439.0,70842.0
2021-04-04,456.0,445.0,434.0,441.0,72060.0
2021-04-05,318.0,445.0,435.0,437.0,38063.0
2021-04-06,393.0,439.0,432.0,437.0,48766.0
2021-04-07,281.0,439.0,432.0,437.0,30787.0
2021-04-08,335.0,439.0,434.0,437.0,42989.0
2021-04-12,451.0,438.0,431.0,437.0,64617.0
2021-04-13,589.0,450.0,437.0,445.0,102443.0
2021-04-15,606.0,452.0,445.0,448.0,80699.0
2021-04-18,499.0,456.0,439.0,441.0,75807.0
2021-04-19,448.0,440.0,432.0,433.0,75119.0
2021-04-20,495.0,436.0,429.0,430.0,69148.0
2021-04-21,460.0,435.0,425.0,429.0,67723.0
2021-04-22,451.0,435.0,424.0,428.0,57567.0
2021-04-25,574.0,431.0,418.0,419.0,53306.0
2021-04-26,614.0,424.0,402.0,412.0,82121.0
2021-04-27,620.0,418.0,407.0,416.0,91231.0
2021-04-28,411.0,421.0,411.0,415.0,41259.0
2021-04-29,331.0,421.0,414.0,419.0,48621.0
2021-05-02,490.0,427.0,420.0,424.0,58954.0
2021-05-03,456.0,430.0,417.0,418.0,63178.0
2021-05-04,342.0,423.0,415.0,417.0,46355.0
2021-05-05,354.0,423.0,398.0,417.0,48809.0
2021-05-06,359.0,425.0,415.0,417.0,43509.0
2021-05-09,339.0,421.0,412.0,419.0,44803.0
2021-05-10,242.0,422.0,416.0,420.0,34550.0
2021-05-11,302.0,430.0,418.0,421.0,47979.0
2021-05-12,277.0,422.0,418.0,419.0,34976.0
2021-05-13,296.0,421.0,418.0,419.0,43764.0
2021-05-16,520.0,425.0,421.0,425.0,64623.0
2021-05-17,468.0,435.0,427.0,428.0,50942.0
2021-05-18,521.0,433.0,428.0,433.0,73076.0
2021-05-19,639.0,441.0,432.0,435.0,87374.0
2021-05-20,400.0,455.0,428.0,437.0,60345.0
2021-05-23,632.0,445.0,428.0,445.0,95466.0
2021-05-24,997.0,455.0,446.0,452.0,201509.0
2021-05-25,383.0,453.0,443.0,446.0,45800.0
2021-05-27,518.0,446.0,435.0,444.0,86267.0
2021-05-30,762.0,454.0,440.0,448.0,156823.0
2021-05-31,527.0,455.0,441.0,442.0,63529.0
2021-06-01,512.0,442.0,434.0,437.0,72507.0
2021-06-02,347.0,442.0,434.0,440.0,67701.0
2021-06-03,981.0,455.0,440.0,450.0,169456.0
2021-06-06,1629.0,481.0,455.0,466.0,309217.0
2021-06-07,1031.0,480.0,444.0,458.0,178135.0
2021-06-08,747.0,468.0,458.0,463.0,181070.0
2021-06-09,535.0,469.0,459.0,462.0,94004.0
2021-06-10,550.0,465.0,456.0,457.0,69384.0
2021-06-13,1025.0,463.0,447.0,461.0,135433.0
2021-06-14,1327.0,485.0,460.0,478.0,238183.0
2021-06-15,1781.0,497.0,480.0,487.0,346796.0
2021-06-16,1535.0,510.0,482.0,492.0,249556.0
2021-06-17,733.0,501.0,489.0,490.0,132336.0
2021-06-20,1013.0,500.0,466.0,476.0,185371.0
2021-06-21,862.0,495.0,466.0,470.0,158267.0
2021-06-22,728.0,483.0,450.0,482.0,112308.0
2021-06-23,500.0,482.0,470.0,471.0,72529.0
2021-06-24,895.0,491.0,465.0,482.0,168916.0
2021-06-27,946.0,500.0,476.0,493.0,165483.0
2021-06-28,908.0,517.0,491.0,497.0,183885.0
2021-06-29,504.0,503.0,482.0,485.0,73114.0
2021-06-30,401.0,484.0,472.0,482.0,49724.0
2021-07-01,450.0,491.0,458.0,484.0,97084.0
2021-07-04,423.0,487.0,475.0,477.0,54096.0
2021-07-05,283.0,484.0,471.0,476.0,37585.0
2021-07-06,294.0,477.0,470.0,473.0,44597.0
2021-07-07,308.0,482.0,471.0,471.0,77933.0
2021-07-08,312.0,480.0,470.0,477.0,51483.0
2021-07-11,479.0,488.0,477.0,488.0,63968.0
2021-07-12,480.0,494.0,478.0,480.0,69957.0
2021-07-13,274.0,483.0,473.0,481.0,64679.0
2021-07-14,248.0,488.0,477.0,479.0,40531.0
2021-07-15,341.0,482.0,476.0,479.0,59702.0
2021-07-18,1243.0,510.0,479.0,508.0,199269.0
2021-07-19,1156.0,525.3,509.0,512.0,298032.0
2021-07-20,2057.0,545.7,506.0,545.0,428610.0
2021-07-22,3553.0,599.5,550.1,588.0,800592.0
2021-07-25,1808.0,605.8,582.0,597.0,400066.0
2021-07-26,2286.0,597.0,575.0,579.0,564272.0
2021-07-27,1589.0,585.0,557.0,575.0,308307.0
2021-07-28,694.0,582.0,568.0,570.0,130006.0
2021-07-29,564.0,575.0,560.0,571.0,107729.0
2021-08-01,696.0,576.0,565.0,568.0,134087.0
2021-08-02,486.0,574.9,565.0,573.0,90713.0
2021-08-03,596.0,583.0,571.1,580.0,98770.0
2021-08-04,667.0,591.6,577.2,582.5,117917.0
2021-08-05,634.0,587.0,578.0,580.0,128975.0
2021-08-08,537.0,586.0,580.0,581.0,106350.0
2021-08-09,421.0,586.0,576.0,580.0,98808.0
2021-08-10,867.0,598.0,575.0,593.0,164275.0
2021-08-11,1623.0,620.0,588.0,589.0,332172.0
2021-08-12,1003.0,599.0,588.0,593.1,207792.0
2021-08-15,1386.0,604.9,585.0,594.0,246363.0
2021-08-16,839.0,600.0,587.2,590.0,178209.0
2021-08-17,706.0,594.0,582.1,583.9,119069.0
2021-08-18,1037.0,600.0,575.0,595.0,203897.0
2021-08-19,725.0,600.0,590.0,590.5,155462.0
2021-08-24,664.0,595.0,578.0,580.0,84503.0
2021-08-25,576.0,578.2,568.2,569.2,81382.0
2021-08-26,626.0,574.0,565.0,570.0,73544.0
2021-08-29,707.0,579.0,558.7,559.0,74915.0
2021-08-31,860.0,556.0,540.0,544.0,99639.0
2021-09-01,858.0,554.0,538.0,548.5,93937.0
2021-09-02,558.0,555.0,540.3,547.0,64932.0
2021-09-05,947.0,542.0,517.1,529.0,118899.0
2021-09-06,744.0,555.0,519.1,555.0,80904.0
2021-09-07,493.0,555.0,544.0,544.0,39266.0
2021-09-08,402.0,544.4,530.0,535.0,37797.0
2021-09-09,342.0,543.0,530.0,535.3,37249.0
2021-09-12,451.0,544.0,535.0,539.0,49372.0
2021-09-13,470.0,553.0,540.0,546.0,61708.0
2021-09-14,372.0,552.0,540.0,547.0,50050.0
2021-09-15,343.0,547.0,535.0,536.0,51866.0
2021-09-16,813.0,535.0,515.0,520.2,84511.0
2021-09-20,759.0,526.0,503.0,507.9,112904.0
2021-09-21,661.0,518.0,492.0,507.0,80684.0
2021-09-22,503.0,535.0,510.0,529.0,61892.0
2021-09-23,665.0,559.0,532.0,545.0,113896.0
2021-09-26,522.0,560.0,536.0,540.0,80063.0
2021-09-27,486.0,539.0,515.0,523.0,71015.0
2021-09-28,549.0,525.0,506.0,509.0,65077.0
2021-09-29,616.0,512.0,494.9,512.0,78586.0
2021-09-30,388.0,517.0,505.0,508.0,48902.0
2021-10-03,416.0,508.0,498.0,498.0,62039.0
2021-10-04,340.0,502.0,491.0,497.0,54880.0
2021-10-05,314.0,507.0,492.0,504.0,55864.0
2021-10-06,367.0,514.9,500.0,506.0,39844.0
2021-10-10,396.0,524.0,505.0,509.5,51759.0
2021-10-11,250.0,510.9,500.0,509.0,26076.0
2021-10-17,153.0,514.9,505.0,507.9,13824.0
2021-10-18,341.0,508.0,494.2,496.0,38949.0
2021-10-19,376.0,502.0,482.0,493.0,42712.0
2021-10-20,225.0,517.1,492.0,503.8,28247.0
2021-10-21,217.0,505.0,494.0,500.2,30079.0
2021-10-24,337.0,505.0,492.0,503.0,39448.0
2021-10-25,353.0,513.0,499.0,512.0,47523.0
2021-10-26,439.0,525.0,513.0,525.0,60461.0
2021-10-27,1041.0,558.5,516.0,551.0,193472.0
2021-10-28,569.0,560.0,538.0,538.0,91581.0
2021-10-31,590.0,544.0,524.0,532.0,75090.0
2021-11-01,520.0,535.0,520.0,521.0,66975.0
2021-11-02,315.0,529.9,515.0,528.5,30675.0
2021-11-03,611.0,549.0,533.0,542.9,103451.0
2021-11-08,301.0,544.0,528.0,528.0,27478.0
2021-11-09,346.0,530.0,512.0,515.0,53120.0
2021-11-11,382.0,520.0,500.0,507.0,68078.0
2021-11-14,289.0,510.0,497.0,508.9,36575.0
2021-11-15,247.0,514.9,506.0,506.5,27116.0
2021-11-16,336.0,513.0,500.0,508.0,48725.0
2021-11-17,262.0,518.0,508.2,512.9,47611.0
2021-11-18,197.0,511.0,503.1,508.2,19692.0
2021-11-21,250.0,510.0,502.5,504.0,39307.0
2021-11-22,178.0,509.0,503.0,504.2,20171.0
2021-11-23,266.0,505.0,495.0,497.1,36868.0
2021-11-24,243.0,498.9,495.1,495.9,36718.0
2021-11-25,224.0,499.5,491.0,495.0,40312.0
2021-11-28,505.0,495.0,470.0,476.0,64115.0
2021-11-29,229.0,483.0,469.0,477.5,25152.0
2021-11-30,280.0,480.0,468.0,473.0,35963.0
2021-12-01,192.0,475.0,470.0,473.0,28814.0
2021-12-02,264.0,476.9,467.0,467.0,37874.0
2021-12-05,462.0,465.0,444.0,446.0,68193.0
2021-12-06,438.0,459.0,430.0,451.0,68814.0
2021-12-07,253.0,456.9,448.0,448.0,28400.0
2021-12-08,215.0,445.0,437.0,441.0,27135.0
2021-12-09,254.0,440.0,430.0,439.0,40348.0
2021-12-12,322.0,441.0,421.0,421.0,32738.0
2021-12-13,352.0,421.7,406.1,421.0,50626.0
2021-12-14,138.0,440.0,420.5,437.0,12873.0
2021-12-15,363.0,453.0,430.0,435.0,34320.0
2021-12-16,221.0,441.0,430.1,441.0,42355.0
2021-12-20,1703.0,471.9,449.8,463.0,203606.0
2021-12-21,721.0,472.2,458.7,468.0,89845.0
2021-12-22,645.0,488.0,468.0,486.0,91095.0
2021-12-23,714.0,497.0,481.0,496.0,77234.0
2021-12-26,1002.0,502.0,495.0,500.0,130801.0
2021-12-27,816.0,510.0,491.0,493.0,88858.0
2021-12-28,659.0,498.0,488.0,494.0,91046.0
2021-12-29,1013.0,499.0,488.0,492.0,200533.0
2022-01-03,390.0,418.0,412.0,415.0,35929.0
2022-01-04,386.0,424.0,410.0,422.0,52990.0
2022-01-05,393.0,430.0,418.0,419.0,45591.0
2022-01-06,293.0,422.0,415.5,421.0,37485.0
2022-01-09,471.0,434.0,420.0,431.0,79470.0
2022-01-10,337.0,437.5,427.0,429.0,70123.0
2022-01-12,397.0,435.0,422.0,424.0,39598.0
2022-01-13,328.0,426.9,421.5,426.9,37250.0
2022-01-16,443.0,437.0,430.1,435.0,63396.0
2022-01-20,338.0,435.0,427.5,433.0,41039.0
